---To obey Referential integrity we have to run the code according to the Sl number given on top of each Insert query ( if you Execute all at once this does not apply)
---Sorry for the inconvenience

---SLNo:1
INSERT INTO Company (Company_ID,Company_Code,Company_Name,HQ_Address,Director_Name,Number_Of_Employees)
VALUES(1, 'ABC', 'Acme Corporation', '123 Main Street, Toronto, Ontario', 'John Doe', 100),
(2, 'DEF', 'XYZ Company', '456 Elm Street, Ottawa, Ontario', 'Jane Doe', 200);

---SLNo:2
INSERT INTO Customers(Customer_ID,Customer_Code,First_Name,Last_Name,Gender,Cus_Address,Phone_Number,City,Province)
VALUES(101, 'A111', 'David', 'Williams', 'Male', '100 Main Street, Toronto, Ontario', '110-222-3333', 'Toronto', 'Ontario'),
(102, 'B112', 'Erica', 'Smith', 'Female', '200 Elm Street, Ottawa, Ontario', '220-333-4444', 'Ottawa', 'Ontario'),
(103, 'C113', 'Jason', 'Brown', 'Male', '300 King Street, Montreal, Quebec', '330-444-5555', 'Montreal', 'Quebec'),
(104, 'D114', 'Sarah', 'Johnson', 'Female', '400 Queen Street, Vancouver, British Columbia', '440-555-6666', 'Vancouver', 'British Columbia'),
(105, 'A221', 'Michael', 'Wilson', 'Male', '500 Main Street, Toronto, Ontario', '550-666-7777', 'Toronto', 'Ontario'),
(106, 'B222', 'Michelle', 'Jones', 'Female', '600 Elm Street, Ottawa, Ontario', '660-777-8888', 'Ottawa', 'Ontario'),
(107, 'C223', 'Daniel', 'Brown', 'Male', '700 King Street, Montreal, Quebec', '770-888-9999', 'Montreal', 'Quebec'),
(108, 'E221', 'Stephanie', 'Green', 'Female', '800 Queen Street, Vancouver, British Columbia', '880-999-0000', 'Vancouver', 'British Columbia'),
(109, 'F222', 'Kevin', 'Adams', 'Male', '900 Main Street, Toronto, Ontario', '990-000-1111', 'Toronto', 'Ontario'),
(110, 'G223', 'Katherine', 'Cooper', 'Female', '1000 Elm Street, Ottawa, Ontario', '1000-111-1111', 'Ottawa', 'Ontario'),
(111, 'A331', 'Christopher', 'Williams', 'Male', '1100 Main Street, Toronto, Ontario', '1100-111-2222', 'Toronto', 'Ontario'),
(112, 'B332', 'Ashley', 'Smith', 'Female', '1200 Elm Street, Ottawa, Ontario', '1200-111-3333', 'Ottawa', 'Ontario'),
(113, 'C333', 'Matthew', 'Brown', 'Male', '1300 King Street, Montreal, Quebec', '1300-111-4444', 'Montreal', 'Quebec'),
(114, 'D334', 'Nicole', 'Johnson', 'Female', '1400 Queen Street, Vancouver, British Columbia', '1400-111-5555', 'Vancouver', 'British Columbia'),
(115, 'H335', 'Olivia',   'Martin',   'Female', '1500 Main Street, Toronto, Ontario',        '111-222-1500', 'Toronto',  'Ontario'),
(116, 'I336', 'Ethan',    'Lee',      'Male',   '1600 Elm Street, Ottawa, Ontario',          '111-222-1600', 'Ottawa',   'Ontario'),
(117, 'J337', 'Ava',      'Clark',    'Female', '1700 King Street, Montreal, Quebec',        '111-222-1700', 'Montreal', 'Quebec'),
(118, 'K338', 'Liam',     'Wright',   'Male',   '1800 Queen Street, Vancouver, British Columbia', '111-222-1800', 'Vancouver','British Columbia'),
(119, 'L339', 'Mia',      'Harris',   'Female', '1900 Main Street, Toronto, Ontario',        '111-222-1900', 'Toronto',  'Ontario'),
(120, 'M340', 'Noah',     'Bennett',  'Male',   '2000 Elm Street, Ottawa, Ontario',          '111-222-2000', 'Ottawa',   'Ontario'),
(121, 'N341', 'Isabella', 'Foster',   'Female', '2100 King Street, Montreal, Quebec',        '111-222-2100', 'Montreal', 'Quebec'),
(122, 'O342', 'Lucas',    'Perry',    'Male',   '2200 Queen Street, Vancouver, British Columbia', '111-222-2200', 'Vancouver','British Columbia'),
(123, 'P343', 'Amelia',   'Reed',     'Female', '2300 Main Street, Toronto, Ontario',        '111-222-2300', 'Toronto',  'Ontario'),
(124, 'Q344', 'James',    'Cook',     'Male',   '2400 Elm Street, Ottawa, Ontario',          '111-222-2400', 'Ottawa',   'Ontario'),
(125, 'R345', 'Sophia',   'Morgan',   'Female', '2500 King Street, Montreal, Quebec',        '111-222-2500', 'Montreal', 'Quebec'),
(126, 'S346', 'William',  'Bell',     'Male',   '2600 Queen Street, Vancouver, British Columbia', '111-222-2600', 'Vancouver','British Columbia'),
(127, 'T347', 'Charlotte','Ward',     'Female', '2700 Main Street, Toronto, Ontario',        '111-222-2700', 'Toronto',  'Ontario'),
(128, 'U348', 'Henry',    'Carter',   'Male',   '2800 Elm Street, Ottawa, Ontario',          '111-222-2800', 'Ottawa',   'Ontario'),
(129, 'V349', 'Evelyn',   'Bailey',   'Female', '2900 King Street, Montreal, Quebec',        '111-222-2900', 'Montreal', 'Quebec'),
(130, 'W350', 'Oliver',   'Rivera',   'Male',   '3000 Queen Street, Vancouver, British Columbia', '111-222-3000', 'Vancouver','British Columbia'),
(131, 'X351', 'Harper',   'Cooper',   'Female', '3100 Main Street, Toronto, Ontario',        '111-222-3100', 'Toronto',  'Ontario'),
(132, 'Y352', 'Elijah',   'Richardson','Male',  '3200 Elm Street, Ottawa, Ontario',          '111-222-3200', 'Ottawa',   'Ontario'),
(133, 'Z353', 'Avery',    'Torres',   'Female', '3300 King Street, Montreal, Quebec',        '111-222-3300', 'Montreal', 'Quebec'),
(134, 'H354', 'Benjamin', 'Peterson', 'Male',   '3400 Queen Street, Vancouver, British Columbia', '111-222-3400', 'Vancouver','British Columbia'),
(135, 'I355', 'Luna',     'Gray',     'Female', '3500 Main Street, Toronto, Ontario',        '111-222-3500', 'Toronto',  'Ontario'),
(136, 'J356', 'Logan',    'Ramirez',  'Male',   '3600 Elm Street, Ottawa, Ontario',          '111-222-3600', 'Ottawa',   'Ontario'),
(137, 'K357', 'Ella',     'James',    'Female', '3700 King Street, Montreal, Quebec',        '111-222-3700', 'Montreal', 'Quebec'),
(138, 'L358', 'Mason',    'Watson',   'Male',   '3800 Queen Street, Vancouver, British Columbia', '111-222-3800', 'Vancouver','British Columbia'),
(139, 'M359', 'Aria',     'Brooks',   'Female', '3900 Main Street, Toronto, Ontario',        '111-222-3900', 'Toronto',  'Ontario'),
(140, 'N360', 'Jacob',    'Sanders',  'Male',   '4000 Elm Street, Ottawa, Ontario',          '111-222-4000', 'Ottawa',   'Ontario'),
(141, 'O361', 'Sofia',    'Price',    'Female', '4100 King Street, Montreal, Quebec',        '111-222-4100', 'Montreal', 'Quebec'),
(142, 'P362', 'Michael',  'Bennett',  'Male',   '4200 Queen Street, Vancouver, British Columbia', '111-222-4200', 'Vancouver','British Columbia'),
(143, 'Q363', 'Grace',    'Kelly',    'Female', '4300 Main Street, Toronto, Ontario',        '111-222-4300', 'Toronto',  'Ontario'),
(144, 'R364', 'Daniel',   'Howard',   'Male',   '4400 Elm Street, Ottawa, Ontario',          '111-222-4400', 'Ottawa',   'Ontario'),
(145, 'S365', 'Chloe',    'Ward',     'Female', '4500 King Street, Montreal, Quebec',        '111-222-4500', 'Montreal', 'Quebec'),
(146, 'T366', 'Leo',      'Diaz',     'Male',   '4600 Queen Street, Vancouver, British Columbia', '111-222-4600', 'Vancouver','British Columbia'),
(147, 'U367', 'Nora',     'Hayes',    'Female', '4700 Main Street, Toronto, Ontario',        '111-222-4700', 'Toronto',  'Ontario'),
(148, 'V368', 'Samuel',   'Gonzalez', 'Male',   '4800 Elm Street, Ottawa, Ontario',          '111-222-4800', 'Ottawa',   'Ontario'),
(149, 'W369', 'Zoe',      'Hughes',   'Female', '4900 King Street, Montreal, Quebec',        '111-222-4900', 'Montreal', 'Quebec'),
(150, 'X370', 'Jack',     'Evans',    'Male',   '5000 Queen Street, Vancouver, British Columbia', '111-222-5000', 'Vancouver','British Columbia'),
(151, 'C151', 'First151', 'Last151', 'Male',   '1510 Main Street, Toronto, Ontario',              '111-222-1510', 'Toronto',  'Ontario'),
(152, 'C152', 'First152', 'Last152', 'Female', '1520 Elm Street, Ottawa, Ontario',                '111-222-1520', 'Ottawa',   'Ontario'),
(153, 'C153', 'First153', 'Last153', 'Male',   '1530 King Street, Montreal, Quebec',              '111-222-1530', 'Montreal', 'Quebec'),
(154, 'C154', 'First154', 'Last154', 'Female', '1540 Queen Street, Vancouver, British Columbia',  '111-222-1540', 'Vancouver','British Columbia'),
(155, 'C155', 'First155', 'Last155', 'Male',   '1550 Main Street, Toronto, Ontario',              '111-222-1550', 'Toronto',  'Ontario'),
(156, 'C156', 'First156', 'Last156', 'Female', '1560 Elm Street, Ottawa, Ontario',                '111-222-1560', 'Ottawa',   'Ontario'),
(157, 'C157', 'First157', 'Last157', 'Male',   '1570 King Street, Montreal, Quebec',              '111-222-1570', 'Montreal', 'Quebec'),
(158, 'C158', 'First158', 'Last158', 'Female', '1580 Queen Street, Vancouver, British Columbia',  '111-222-1580', 'Vancouver','British Columbia'),
(159, 'C159', 'First159', 'Last159', 'Male',   '1590 Main Street, Toronto, Ontario',              '111-222-1590', 'Toronto',  'Ontario'),
(160, 'C160', 'First160', 'Last160', 'Female', '1600 Elm Street, Ottawa, Ontario',                '111-222-1600', 'Ottawa',   'Ontario'),
(161, 'C161', 'First161', 'Last161', 'Male',   '1610 King Street, Montreal, Quebec',              '111-222-1610', 'Montreal', 'Quebec'),
(162, 'C162', 'First162', 'Last162', 'Female', '1620 Queen Street, Vancouver, British Columbia',  '111-222-1620', 'Vancouver','British Columbia'),
(163, 'C163', 'First163', 'Last163', 'Male',   '1630 Main Street, Toronto, Ontario',              '111-222-1630', 'Toronto',  'Ontario'),
(164, 'C164', 'First164', 'Last164', 'Female', '1640 Elm Street, Ottawa, Ontario',                '111-222-1640', 'Ottawa',   'Ontario'),
(165, 'C165', 'First165', 'Last165', 'Male',   '1650 King Street, Montreal, Quebec',              '111-222-1650', 'Montreal', 'Quebec'),
(166, 'C166', 'First166', 'Last166', 'Female', '1660 Queen Street, Vancouver, British Columbia',  '111-222-1660', 'Vancouver','British Columbia'),
(167, 'C167', 'First167', 'Last167', 'Male',   '1670 Main Street, Toronto, Ontario',              '111-222-1670', 'Toronto',  'Ontario'),
(168, 'C168', 'First168', 'Last168', 'Female', '1680 Elm Street, Ottawa, Ontario',                '111-222-1680', 'Ottawa',   'Ontario'),
(169, 'C169', 'First169', 'Last169', 'Male',   '1690 King Street, Montreal, Quebec',              '111-222-1690', 'Montreal', 'Quebec'),
(170, 'C170', 'First170', 'Last170', 'Female', '1700 Queen Street, Vancouver, British Columbia',  '111-222-1700', 'Vancouver','British Columbia'),
(171, 'C171', 'First171', 'Last171', 'Male',   '1710 Main Street, Toronto, Ontario',              '111-222-1710', 'Toronto',  'Ontario'),
(172, 'C172', 'First172', 'Last172', 'Female', '1720 Elm Street, Ottawa, Ontario',                '111-222-1720', 'Ottawa',   'Ontario'),
(173, 'C173', 'First173', 'Last173', 'Male',   '1730 King Street, Montreal, Quebec',              '111-222-1730', 'Montreal', 'Quebec'),
(174, 'C174', 'First174', 'Last174', 'Female', '1740 Queen Street, Vancouver, British Columbia',  '111-222-1740', 'Vancouver','British Columbia'),
(175, 'C175', 'First175', 'Last175', 'Male',   '1750 Main Street, Toronto, Ontario',              '111-222-1750', 'Toronto',  'Ontario'),
(176, 'C176', 'First176', 'Last176', 'Female', '1760 Elm Street, Ottawa, Ontario',                '111-222-1760', 'Ottawa',   'Ontario'),
(177, 'C177', 'First177', 'Last177', 'Male',   '1770 King Street, Montreal, Quebec',              '111-222-1770', 'Montreal', 'Quebec'),
(178, 'C178', 'First178', 'Last178', 'Female', '1780 Queen Street, Vancouver, British Columbia',  '111-222-1780', 'Vancouver','British Columbia'),
(179, 'C179', 'First179', 'Last179', 'Male',   '1790 Main Street, Toronto, Ontario',              '111-222-1790', 'Toronto',  'Ontario'),
(180, 'C180', 'First180', 'Last180', 'Female', '1800 Elm Street, Ottawa, Ontario',                '111-222-1800', 'Ottawa',   'Ontario'),
(181, 'C181', 'First181', 'Last181', 'Male',   '1810 King Street, Montreal, Quebec',              '111-222-1810', 'Montreal', 'Quebec'),
(182, 'C182', 'First182', 'Last182', 'Female', '1820 Queen Street, Vancouver, British Columbia',  '111-222-1820', 'Vancouver','British Columbia'),
(183, 'C183', 'First183', 'Last183', 'Male',   '1830 Main Street, Toronto, Ontario',              '111-222-1830', 'Toronto',  'Ontario'),
(184, 'C184', 'First184', 'Last184', 'Female', '1840 Elm Street, Ottawa, Ontario',                '111-222-1840', 'Ottawa',   'Ontario'),
(185, 'C185', 'First185', 'Last185', 'Male',   '1850 King Street, Montreal, Quebec',              '111-222-1850', 'Montreal', 'Quebec'),
(186, 'C186', 'First186', 'Last186', 'Female', '1860 Queen Street, Vancouver, British Columbia',  '111-222-1860', 'Vancouver','British Columbia'),
(187, 'C187', 'First187', 'Last187', 'Male',   '1870 Main Street, Toronto, Ontario',              '111-222-1870', 'Toronto',  'Ontario'),
(188, 'C188', 'First188', 'Last188', 'Female', '1880 Elm Street, Ottawa, Ontario',                '111-222-1880', 'Ottawa',   'Ontario'),
(189, 'C189', 'First189', 'Last189', 'Male',   '1890 King Street, Montreal, Quebec',              '111-222-1890', 'Montreal', 'Quebec'),
(190, 'C190', 'First190', 'Last190', 'Female', '1900 Queen Street, Vancouver, British Columbia',  '111-222-1900', 'Vancouver','British Columbia'),
(191, 'C191', 'First191', 'Last191', 'Male',   '1910 Main Street, Toronto, Ontario',              '111-222-1910', 'Toronto',  'Ontario'),
(192, 'C192', 'First192', 'Last192', 'Female', '1920 Elm Street, Ottawa, Ontario',                '111-222-1920', 'Ottawa',   'Ontario'),
(193, 'C193', 'First193', 'Last193', 'Male',   '1930 King Street, Montreal, Quebec',              '111-222-1930', 'Montreal', 'Quebec'),
(194, 'C194', 'First194', 'Last194', 'Female', '1940 Queen Street, Vancouver, British Columbia',  '111-222-1940', 'Vancouver','British Columbia'),
(195, 'C195', 'First195', 'Last195', 'Male',   '1950 Main Street, Toronto, Ontario',              '111-222-1950', 'Toronto',  'Ontario'),
(196, 'C196', 'First196', 'Last196', 'Female', '1960 Elm Street, Ottawa, Ontario',                '111-222-1960', 'Ottawa',   'Ontario'),
(197, 'C197', 'First197', 'Last197', 'Male',   '1970 King Street, Montreal, Quebec',              '111-222-1970', 'Montreal', 'Quebec'),
(198, 'C198', 'First198', 'Last198', 'Female', '1980 Queen Street, Vancouver, British Columbia',  '111-222-1980', 'Vancouver','British Columbia'),
(199, 'C199', 'First199', 'Last199', 'Male',   '1990 Main Street, Toronto, Ontario',              '111-222-1990', 'Toronto',  'Ontario'),
(200, 'C200', 'First200', 'Last200', 'Female', '2000 Elm Street, Ottawa, Ontario',                '111-222-2000', 'Ottawa',   'Ontario'),
(201, 'C201', 'First201', 'Last201', 'Male',   '2010 King Street, Montreal, Quebec',              '111-222-2010', 'Montreal', 'Quebec'),
(202, 'C202', 'First202', 'Last202', 'Female', '2020 Queen Street, Vancouver, British Columbia',  '111-222-2020', 'Vancouver','British Columbia'),
(203, 'C203', 'First203', 'Last203', 'Male',   '2030 Main Street, Toronto, Ontario',              '111-222-2030', 'Toronto',  'Ontario'),
(204, 'C204', 'First204', 'Last204', 'Female', '2040 Elm Street, Ottawa, Ontario',                '111-222-2040', 'Ottawa',   'Ontario'),
(205, 'C205', 'First205', 'Last205', 'Male',   '2050 King Street, Montreal, Quebec',              '111-222-2050', 'Montreal', 'Quebec'),
(206, 'C206', 'First206', 'Last206', 'Female', '2060 Queen Street, Vancouver, British Columbia',  '111-222-2060', 'Vancouver','British Columbia'),
(207, 'C207', 'First207', 'Last207', 'Male',   '2070 Main Street, Toronto, Ontario',              '111-222-2070', 'Toronto',  'Ontario'),
(208, 'C208', 'First208', 'Last208', 'Female', '2080 Elm Street, Ottawa, Ontario',                '111-222-2080', 'Ottawa',   'Ontario'),
(209, 'C209', 'First209', 'Last209', 'Male',   '2090 King Street, Montreal, Quebec',              '111-222-2090', 'Montreal', 'Quebec'),
(210, 'C210', 'First210', 'Last210', 'Female', '2100 Queen Street, Vancouver, British Columbia',  '111-222-2100', 'Vancouver','British Columbia'),
(211, 'C211', 'First211', 'Last211', 'Male',   '2110 Main Street, Toronto, Ontario',              '111-222-2110', 'Toronto',  'Ontario'),
(212, 'C212', 'First212', 'Last212', 'Female', '2120 Elm Street, Ottawa, Ontario',                '111-222-2120', 'Ottawa',   'Ontario'),
(213, 'C213', 'First213', 'Last213', 'Male',   '2130 King Street, Montreal, Quebec',              '111-222-2130', 'Montreal', 'Quebec'),
(214, 'C214', 'First214', 'Last214', 'Female', '2140 Queen Street, Vancouver, British Columbia',  '111-222-2140', 'Vancouver','British Columbia'),
(215, 'C215', 'First215', 'Last215', 'Male',   '2150 Main Street, Toronto, Ontario',              '111-222-2150', 'Toronto',  'Ontario'),
(216, 'C216', 'First216', 'Last216', 'Female', '2160 Elm Street, Ottawa, Ontario',                '111-222-2160', 'Ottawa',   'Ontario'),
(217, 'C217', 'First217', 'Last217', 'Male',   '2170 King Street, Montreal, Quebec',              '111-222-2170', 'Montreal', 'Quebec'),
(218, 'C218', 'First218', 'Last218', 'Female', '2180 Queen Street, Vancouver, British Columbia',  '111-222-2180', 'Vancouver','British Columbia'),
(219, 'C219', 'First219', 'Last219', 'Male',   '2190 Main Street, Toronto, Ontario',              '111-222-2190', 'Toronto',  'Ontario'),
(220, 'C220', 'First220', 'Last220', 'Female', '2200 Elm Street, Ottawa, Ontario',                '111-222-2200', 'Ottawa',   'Ontario'),
(221, 'C221', 'First221', 'Last221', 'Male',   '2210 King Street, Montreal, Quebec',              '111-222-2210', 'Montreal', 'Quebec'),
(222, 'C222', 'First222', 'Last222', 'Female', '2220 Queen Street, Vancouver, British Columbia',  '111-222-2220', 'Vancouver','British Columbia'),
(223, 'C223', 'First223', 'Last223', 'Male',   '2230 Main Street, Toronto, Ontario',              '111-222-2230', 'Toronto',  'Ontario'),
(224, 'C224', 'First224', 'Last224', 'Female', '2240 Elm Street, Ottawa, Ontario',                '111-222-2240', 'Ottawa',   'Ontario'),
(225, 'C225', 'First225', 'Last225', 'Male',   '2250 King Street, Montreal, Quebec',              '111-222-2250', 'Montreal', 'Quebec'),
(226, 'C226', 'First226', 'Last226', 'Female', '2260 Queen Street, Vancouver, British Columbia',  '111-222-2260', 'Vancouver','British Columbia'),
(227, 'C227', 'First227', 'Last227', 'Male',   '2270 Main Street, Toronto, Ontario',              '111-222-2270', 'Toronto',  'Ontario'),
(228, 'C228', 'First228', 'Last228', 'Female', '2280 Elm Street, Ottawa, Ontario',                '111-222-2280', 'Ottawa',   'Ontario'),
(229, 'C229', 'First229', 'Last229', 'Male',   '2290 King Street, Montreal, Quebec',              '111-222-2290', 'Montreal', 'Quebec'),
(230, 'C230', 'First230', 'Last230', 'Female', '2300 Queen Street, Vancouver, British Columbia',  '111-222-2300', 'Vancouver','British Columbia'),
(231, 'C231', 'First231', 'Last231', 'Male',   '2310 Main Street, Toronto, Ontario',              '111-222-2310', 'Toronto',  'Ontario'),
(232, 'C232', 'First232', 'Last232', 'Female', '2320 Elm Street, Ottawa, Ontario',                '111-222-2320', 'Ottawa',   'Ontario'),
(233, 'C233', 'First233', 'Last233', 'Male',   '2330 King Street, Montreal, Quebec',              '111-222-2330', 'Montreal', 'Quebec'),
(234, 'C234', 'First234', 'Last234', 'Female', '2340 Queen Street, Vancouver, British Columbia',  '111-222-2340', 'Vancouver','British Columbia'),
(235, 'C235', 'First235', 'Last235', 'Male',   '2350 Main Street, Toronto, Ontario',              '111-222-2350', 'Toronto',  'Ontario'),
(236, 'C236', 'First236', 'Last236', 'Female', '2360 Elm Street, Ottawa, Ontario',                '111-222-2360', 'Ottawa',   'Ontario'),
(237, 'C237', 'First237', 'Last237', 'Male',   '2370 King Street, Montreal, Quebec',              '111-222-2370', 'Montreal', 'Quebec'),
(238, 'C238', 'First238', 'Last238', 'Female', '2380 Queen Street, Vancouver, British Columbia',  '111-222-2380', 'Vancouver','British Columbia'),
(239, 'C239', 'First239', 'Last239', 'Male',   '2390 Main Street, Toronto, Ontario',              '111-222-2390', 'Toronto',  'Ontario'),
(240, 'C240', 'First240', 'Last240', 'Female', '2400 Elm Street, Ottawa, Ontario',                '111-222-2400', 'Ottawa',   'Ontario'),
(241, 'C241', 'First241', 'Last241', 'Male',   '2410 King Street, Montreal, Quebec',              '111-222-2410', 'Montreal', 'Quebec'),
(242, 'C242', 'First242', 'Last242', 'Female', '2420 Queen Street, Vancouver, British Columbia',  '111-222-2420', 'Vancouver','British Columbia'),
(243, 'C243', 'First243', 'Last243', 'Male',   '2430 Main Street, Toronto, Ontario',              '111-222-2430', 'Toronto',  'Ontario'),
(244, 'C244', 'First244', 'Last244', 'Female', '2440 Elm Street, Ottawa, Ontario',                '111-222-2440', 'Ottawa',   'Ontario'),
(245, 'C245', 'First245', 'Last245', 'Male',   '2450 King Street, Montreal, Quebec',              '111-222-2450', 'Montreal', 'Quebec'),
(246, 'C246', 'First246', 'Last246', 'Female', '2460 Queen Street, Vancouver, British Columbia',  '111-222-2460', 'Vancouver','British Columbia'),
(247, 'C247', 'First247', 'Last247', 'Male',   '2470 Main Street, Toronto, Ontario',              '111-222-2470', 'Toronto',  'Ontario'),
(248, 'C248', 'First248', 'Last248', 'Female', '2480 Elm Street, Ottawa, Ontario',                '111-222-2480', 'Ottawa',   'Ontario'),
(249, 'C249', 'First249', 'Last249', 'Male',   '2490 King Street, Montreal, Quebec',              '111-222-2490', 'Montreal', 'Quebec'),
(250, 'C250', 'First250', 'Last250', 'Female', '2500 Queen Street, Vancouver, British Columbia',  '111-222-2500', 'Vancouver','British Columbia');

---SLNo:3
INSERT INTO Truck (Vehicle_ID,Registration_Number,Manufacturer,Year_of_manufacture,Capacity_in_Tons)
VALUES(1, 'ABC123', 'Ford', 2020, 5),
(2, 'XYZ456', 'Chevrolet', 2018, 7),
(3, 'LMN789', 'Toyota', 2019, 4),
(4, 'PQR123', 'Nissan', 2021, 6),
(5, 'MNO456', 'Dodge', 2017, 8),
(6, 'JKL789', 'Volvo', 2022, 10),
(7, 'DEF123', 'Mercedes-Benz', 2020, 9),
(8, 'GHI456', 'Isuzu', 2019, 3),
(9, 'STU789', 'Mitsubishi', 2018, 7),
(10, 'VWX123', 'Kenworth', 2021, 6);

---SLNo:4
INSERT INTO Central_Distribution_Centre (CDC_ID,CDC_Address,CDC_Code,Area_in_sqm,Number_of_Employees,City,Province)
VALUES(1, '123 Distribution Avenue', 'CDC001', 5000, 50, 'Toronto', 'ON'),
(2, '456 Logistics Street', 'CDC002', 7500, 75, 'Vancouver', 'BC'),
(3, '789 Supply Lane', 'CDC003', 6000, 60, 'Montreal', 'QC');

---SLNo:5
INSERT INTO Bin_Card(Bin_card_ID,Bin_Code,PO_ID,Number_of_Boxes,Receipt_Date)
VALUES (1, 'BIN001', 'PO123', 50, '2023-08-01'),
(2, 'BIN002','PO124', 30, '2023-08-02'),
(3, 'BIN003','PO125', 25, '2023-08-03'),
(4, 'BIN004','PO126', 40, '2023-08-04');

---SLNo:6
INSERT INTO Supplier (Supplier_ID,Supplier_Name,Supplier_Code,Sup_Address,Established_Year,Type_of_Organization,City,Province)
VALUES(1, 'TechCan Solutions', 'TECHCAN001', '123 Maple Street', 2005, 'Corporation', 'Toronto', 'ON'),
(2, 'Vancouver Electronics', 'VANELEC002', '456 Oak Avenue', 2010, 'LLC', 'Vancouver', 'BC'),
(3, 'Montreal Innovations', 'MONTINNOV003', '789 Elm Road', 2008, 'Partnership', 'Montreal', 'QC'),
(4, 'Calgary Gadgets', 'CALGADGET004', '321 Pine Lane', 2015, 'Sole Proprietorship', 'Calgary', 'AB');

---SLNo:7
INSERT INTO Products (Product_ID,Product_Code,Product_Name,Product_Category,Color,Price,Size,Bin_card_ID)
VALUES(1, 'A101', 'iPhone 14 Pro', 'Mobile Phone', 'Graphite', 1099, '6.1 inches', 1),
(2, 'B102', 'MacBook Pro M2', 'Laptop', 'Silver', 1299, '13.3 inches', 2),
(3, 'C103', 'iPad Air 5th Gen', 'Tablet', 'Space Gray', 599, '10.2 inches', 3),
(4, 'D104', 'Apple Watch Series 7', 'Smartwatch', 'Midnight', 399, '41mm', 4),
(5, 'A105', 'AirPods Pro', 'Wireless Earbuds', 'White', 249, 'One size fits all', 1),
(6, 'B106', 'Apple TV 4K', 'Streaming Device', 'Black', 179, '4K', 2),
(7, 'C107', 'Beats Fit Pro', 'Wireless Earbuds', 'White', 199, 'One size fits all', 3),
(8, 'D108', 'AirTag', 'Bluetooth Tracker', 'Silver', 29, 'One size fits all', 4),
(9, 'A109', 'Apple Magic Keyboard', 'Keyboard', 'Silver', 99, 'Full-size', 1),
(10, 'B110', 'Apple Magic Mouse', 'Mouse', 'Silver', 79, 'One size fits all', 2),
(11, 'C111', 'Apple Magic Trackpad', 'Trackpad', 'Silver', 129, 'One size fits all', 3),
(12, 'D112', 'Apple Pencil 3rd Gen', 'Stylus', 'White', 129, 'One size fits all', 4),
(13, 'A113', 'AirPods Max', 'Over-ear Headphones', 'Silver', 549, 'One size fits all', 1),
(14, 'B114', 'AirTag Hermès', 'Bluetooth Tracker', 'Gold', 349, 'One size fits all', 2),
(15, 'C115', 'Mac Studio', 'Desktop Computer', 'Silver', 1999, 'Tower', 3),
(16, 'D116', 'Studio Display', 'Monitor', 'Silver', 1599, '27 inches', 4),
(17, 'A117', 'iPhone 14 Pro Max', 'Mobile Phone', 'Gold', 1199, '6.7 inches', 1),
(18, 'B118', 'iPad mini 6th Gen', 'Tablet', 'Pink', 499, '8.3 inches', 2),
(19, 'C119', 'Apple Watch SE', 'Smartwatch', 'Starlight', 279, '40mm', 3);

---SLNo:8
INSERT INTO Warehouse (Warehouse_ID, War_Address, Area_in_sqm, Number_of_Departments, Number_of_Employees, Province, City, CDC_ID, Company_ID) 
VALUES(1,'123 Main Street, Toronto, Ontario', 10000, 4, 100, 'Ontario', 'Toronto',1,1),
(2, '456 Elm Street, Ottawa, Ontario', 8000, 3, 50, 'Ontario', 'Ottawa', 2, 1),
(3, '789 King Street, Montreal, Quebec', 6000, 2, 30, 'Quebec', 'Montreal', 3, 1),
(4,'1010 Queen Street, Vancouver, British Columbia', 5000, 1, 20, 'British Columbia', 'Vancouver',1,2);

---SLNo:9
INSERT INTO Employees (Employee_ID, Emp_Code, Emp_First_Name, Emp_Last_Name, Emp_Age, Emp_Contact, Emp_Address, Emp_City, Emp_Province, Emp_department, Warehouse_ID) 
VALUES(1, 'A101', 'John', 'Doe', 30, '123-4567-890', '123 Main Street', 'Toronto', 'Ontario', 'Warehouse',1),
(2,  'B102', 'Jane', 'Doe', 25, '987-654-3210', '456 Elm Street', 'Ottawa', 'Ontario', 'Warehouse',2),
(3,  'C103', 'Peter', 'Smith', 40, '555-444-3333', '789 King Street', 'Montreal', 'Quebec', 'Warehouse',3),
(4,  'D104', 'Mary', 'Johnson', 35, '666-777-8888', '1010 Queen Street', 'Vancouver', 'British Columbia', 'Warehouse',4),
(5,  'A205', 'Mike', 'Wilson', 28, '911-911-9111', '2020 Main Street', 'Toronto', 'Ontario', 'Sales',1),
(6,  'B206', 'Sarah', 'Jones', 23, '888-888-8888', '3030 Elm Street', 'Ottawa', 'Ontario', 'Marketing',2),
(7, 'C207', 'David', 'Brown', 38, '777-777-7777', '4040 King Street', 'Montreal', 'Quebec', 'Finance',3),
(8, 'E208', 'Emily', 'Green', 33, '604-604-6046', '5050 Queen Street', 'Vancouver', 'British Columbia', 'IT',4),
(9, 'F209', 'Ben', 'Adams', 26, '555-555-5555', '6060 Main Street', 'Toronto', 'Ontario', 'HR',1),
(10, 'G210', 'Lily', 'Cooper', 21, '444-444-4444', '7070 Elm Street', 'Ottawa', 'Ontario', 'Customer Service',2);


---SLNo:10
INSERT INTO Inventory_Location (Inventory_Location_ID,Inventory_Location_Code,INV_loc_Address,Manager,City,Province,Product_ID)
VAlUES (1, 'A1', '100 Main Street, Toronto, Ontario', 'John Doe', 'Toronto', 'Ontario', 2),
(2,'B2', '200 Elm Street, Ottawa, Ontario', 'Jane Doe', 'Ottawa', 'Ontario',2),
(3, 'C3', '300 King Street, Montreal, Quebec', 'Peter Smith', 'Montreal', 'Quebec', 3),
(4, 'D4', '400 Queen Street, Vancouver, British Columbia', 'Mary Johnson', 'Vancouver', 'British Columbia', 4),
(5, 'A1', '500 Main Street, Toronto, Ontario', 'Mike Wilson', 'Toronto', 'Ontario', 1),
(6, 'B2', '600 Elm Street, Ottawa, Ontario', 'Sarah Jones', 'Ottawa', 'Ontario', 2),
(7, 'C3', '700 King Street, Montreal, Quebec', 'David Brown', 'Montreal', 'Quebec', 3),
(8, 'D4', '800 Queen Street, Vancouver, British Columbia', 'Emily Green', 'Vancouver', 'British Columbia', 4);

---SLNo:11
INSERT INTO Orders (Order_ID,Order_Code,Product_Name,Order_Date,Pick_up_Address,Delivery_Address,Payment_Mode,Customer_ID)
VALUES(1, 'A101', 'iPhone 14 Pro', '2023-03-01', '100 Main Street, Toronto, Ontario', '200 Elm Street, Ottawa, Ontario', 'Credit Card', 101),
(2, 'B102', 'MacBook Pro M2', '2023-03-02', '300 King Street, Montreal, Quebec', '400 Queen Street, Vancouver, British Columbia', 'Cash', 101),
(3, 'C103', 'iPad Air 5th Gen', '2023-03-03', '500 Main Street, Toronto, Ontario', '600 Elm Street, Ottawa, Ontario', 'Debit Card', 102),
(4, 'D104', 'Apple Watch Series 7', '2023-03-04', '700 King Street, Montreal, Quebec', '800 Queen Street, Vancouver, British Columbia', 'Paypal', 103),
(5, 'A105', 'AirPods Pro', '2023-03-05', '900 Main Street, Toronto, Ontario', '1000 Elm Street, Ottawa, Ontario', 'Credit Card', 105),
(6, 'B106', 'Apple TV 4K', '2023-03-06', '1100 King Street, Montreal, Quebec', '1200 Queen Street, Vancouver, British Columbia', 'Cash', 106),
(7, 'C107', 'Beats Fit Pro', '2023-03-07', '1300 Main Street, Toronto, Ontario', '1400 Elm Street, Ottawa, Ontario', 'Debit Card', 107),
(8, 'D108', 'AirTag', '2023-03-08', '1500 King Street, Montreal, Quebec', '1600 Queen Street, Vancouver, British Columbia', 'Paypal', 108),
(9, 'A109', 'Apple Magic Keyboard', '2023-03-09', '1700 Main Street, Toronto, Ontario', '1800 Elm Street, Ottawa, Ontario', 'Credit Card', 109),
(10, 'B110', 'Apple Magic Mouse', '2023-03-10', '1900 King Street, Montreal, Quebec', '2000 Queen Street, Vancouver, British Columbia', 'Cash', 102),
(11, 'C111', 'Apple Magic Trackpad', '2023-03-11', '2100 Main Street, Toronto, Ontario', '2200 Elm Street, Ottawa, Ontario', 'Debit Card', 104),
(12, 'D112', 'Apple Pencil 3rd Gen', '2023-03-12', '2300 King Street, Montreal, Quebec', '2400 Queen Street, Vancouver, British Columbia', 'Paypal', 110),
(13, 'B114', 'AirTag Hermès', '2023-03-14', '2700 Main Street, Toronto, Ontario', '2800 Elm Street, Ottawa, Ontario', 'Cash', 113),
(14, 'C115', 'Mac Studio', '2023-03-15', '2900 King Street, Montreal, Quebec', '3000 Queen Street, Vancouver, British Columbia', 'Debit Card', 112),
(15, 'D116', 'Studio Display', '2023-03-16', '3100 Main Street, Toronto, Ontario', '3200 Elm Street, Ottawa, Ontario', 'Paypal', 111),
(16, 'A117', 'iPhone 14 Pro Max', '2023-03-17', '3300 King Street, Montreal, Quebec', '3400 Queen Street, Vancouver, British Columbia', 'Credit Card', 101),
(17, 'B118', 'iPad mini 6th Gen', '2023-03-18', '3500 Main Street, Toronto, Ontario', '3600 Elm Street, Ottawa, Ontario', 'Cash', 104),
(18, 'C119', 'Apple Watch SE', '2023-03-19', '3700 King Street, Montreal, Quebec', '3800 Queen Street, Vancouver, British Columbia', 'Debit Card', 102),
(19, 'D120', 'Beats Solo3 Wireless', '2023-03-20', '3900 King Street, Montreal, Quebec', '4000 Queen Street, Vancouver, British Columbia', 'Paypal', 114),
  (20, 'A101', 'iPhone 14 Pro', '2023-04-01', '100 Main Street, Toronto, Ontario', '200 Elm Street, Ottawa, Ontario', 'Credit Card', 151),
(21, 'B102', 'MacBook Pro M2', '2023-04-01', '300 King Street, Montreal, Quebec', '400 Queen Street, Vancouver, British Columbia', 'Cash', 152),
(22, 'C103', 'iPad Air 5th Gen', '2023-04-01', '500 Main Street, Toronto, Ontario', '600 Elm Street, Ottawa, Ontario', 'Debit Card', 153),
(23, 'D104', 'Apple Watch Series 7', '2023-04-01', '700 King Street, Montreal, Quebec', '800 Queen Street, Vancouver, British Columbia', 'Paypal', 154),
(24, 'A105', 'AirPods Pro', '2023-04-01', '100 Main Street, Toronto, Ontario', '200 Elm Street, Ottawa, Ontario', 'Credit Card', 155),
(25, 'B106', 'Apple TV 4K', '2023-04-01', '300 King Street, Montreal, Quebec', '400 Queen Street, Vancouver, British Columbia', 'Cash', 156),
(26, 'C107', 'Beats Fit Pro', '2023-04-01', '500 Main Street, Toronto, Ontario', '600 Elm Street, Ottawa, Ontario', 'Debit Card', 157),
(27, 'D108', 'AirTag', '2023-04-01', '700 King Street, Montreal, Quebec', '800 Queen Street, Vancouver, British Columbia', 'Paypal', 158),
(28, 'A109', 'Apple Magic Keyboard', '2023-04-01', '100 Main Street, Toronto, Ontario', '200 Elm Street, Ottawa, Ontario', 'Credit Card', 159),
(29, 'B110', 'Apple Magic Mouse', '2023-04-01', '300 King Street, Montreal, Quebec', '400 Queen Street, Vancouver, British Columbia', 'Cash', 160),
(30, 'C111', 'Apple Magic Trackpad', '2023-04-01', '500 Main Street, Toronto, Ontario', '600 Elm Street, Ottawa, Ontario', 'Debit Card', 161),
(31, 'D112', 'Apple Pencil 3rd Gen', '2023-04-01', '700 King Street, Montreal, Quebec', '800 Queen Street, Vancouver, British Columbia', 'Paypal', 162),
(32, 'A113', 'AirPods Max', '2023-04-01', '100 Main Street, Toronto, Ontario', '200 Elm Street, Ottawa, Ontario', 'Credit Card', 163),
(33, 'B114', 'AirTag Hermès', '2023-04-01', '300 King Street, Montreal, Quebec', '400 Queen Street, Vancouver, British Columbia', 'Cash', 164),
(34, 'C115', 'Mac Studio', '2023-04-01', '500 Main Street, Toronto, Ontario', '600 Elm Street, Ottawa, Ontario', 'Debit Card', 165),
(35, 'D116', 'Studio Display', '2023-04-01', '700 King Street, Montreal, Quebec', '800 Queen Street, Vancouver, British Columbia', 'Paypal', 166),
(36, 'A117', 'iPhone 14 Pro Max', '2023-04-01', '100 Main Street, Toronto, Ontario', '200 Elm Street, Ottawa, Ontario', 'Credit Card', 167),
(37, 'B118', 'iPad mini 6th Gen', '2023-04-01', '300 King Street, Montreal, Quebec', '400 Queen Street, Vancouver, British Columbia', 'Cash', 168),
(38, 'C119', 'Apple Watch SE', '2023-04-01', '500 Main Street, Toronto, Ontario', '600 Elm Street, Ottawa, Ontario', 'Debit Card', 169),
(39, 'A101', 'iPhone 14 Pro', '2023-04-01', '700 King Street, Montreal, Quebec', '800 Queen Street, Vancouver, British Columbia', 'Paypal', 170),
(40, 'B102', 'MacBook Pro M2', '2023-04-01', '100 Main Street, Toronto, Ontario', '200 Elm Street, Ottawa, Ontario', 'Credit Card', 171),
(41, 'C103', 'iPad Air 5th Gen', '2023-04-01', '300 King Street, Montreal, Quebec', '400 Queen Street, Vancouver, British Columbia', 'Cash', 172),
(42, 'D104', 'Apple Watch Series 7', '2023-04-01', '500 Main Street, Toronto, Ontario', '600 Elm Street, Ottawa, Ontario', 'Debit Card', 173),
(43, 'A105', 'AirPods Pro', '2023-04-01', '700 King Street, Montreal, Quebec', '800 Queen Street, Vancouver, British Columbia', 'Paypal', 174),
(44, 'B106', 'Apple TV 4K', '2023-04-01', '100 Main Street, Toronto, Ontario', '200 Elm Street, Ottawa, Ontario', 'Credit Card', 175),
(45, 'C107', 'Beats Fit Pro', '2023-04-01', '300 King Street, Montreal, Quebec', '400 Queen Street, Vancouver, British Columbia', 'Cash', 176),
(46, 'D108', 'AirTag', '2023-04-01', '500 Main Street, Toronto, Ontario', '600 Elm Street, Ottawa, Ontario', 'Debit Card', 177),
(47, 'A109', 'Apple Magic Keyboard', '2023-04-01', '700 King Street, Montreal, Quebec', '800 Queen Street, Vancouver, British Columbia', 'Paypal', 178),
(48, 'B110', 'Apple Magic Mouse', '2023-04-01', '100 Main Street, Toronto, Ontario', '200 Elm Street, Ottawa, Ontario', 'Credit Card', 179),
(49, 'C111', 'Apple Magic Trackpad', '2023-04-01', '300 King Street, Montreal, Quebec', '400 Queen Street, Vancouver, British Columbia', 'Cash', 180),
(50, 'D112', 'Apple Pencil 3rd Gen', '2023-04-01', '500 Main Street, Toronto, Ontario', '600 Elm Street, Ottawa, Ontario', 'Debit Card', 181),
(51, 'A113', 'AirPods Max', '2023-04-01', '700 King Street, Montreal, Quebec', '800 Queen Street, Vancouver, British Columbia', 'Paypal', 182),
(52, 'B114', 'AirTag Hermès', '2023-04-01', '100 Main Street, Toronto, Ontario', '200 Elm Street, Ottawa, Ontario', 'Credit Card', 183),
(53, 'C115', 'Mac Studio', '2023-04-01', '300 King Street, Montreal, Quebec', '400 Queen Street, Vancouver, British Columbia', 'Cash', 184),
(54, 'D116', 'Studio Display', '2023-04-01', '500 Main Street, Toronto, Ontario', '600 Elm Street, Ottawa, Ontario', 'Debit Card', 185),
(55, 'A117', 'iPhone 14 Pro Max', '2023-04-01', '700 King Street, Montreal, Quebec', '800 Queen Street, Vancouver, British Columbia', 'Paypal', 186),
(56, 'B118', 'iPad mini 6th Gen', '2023-04-01', '100 Main Street, Toronto, Ontario', '200 Elm Street, Ottawa, Ontario', 'Credit Card', 187),
(57, 'C119', 'Apple Watch SE', '2023-04-01', '300 King Street, Montreal, Quebec', '400 Queen Street, Vancouver, British Columbia', 'Cash', 188),
(58, 'A101', 'iPhone 14 Pro', '2023-04-01', '500 Main Street, Toronto, Ontario', '600 Elm Street, Ottawa, Ontario', 'Debit Card', 189),
(59, 'B102', 'MacBook Pro M2', '2023-04-01', '700 King Street, Montreal, Quebec', '800 Queen Street, Vancouver, British Columbia', 'Paypal', 190),
(60, 'C103', 'iPad Air 5th Gen', '2023-04-01', '100 Main Street, Toronto, Ontario', '200 Elm Street, Ottawa, Ontario', 'Credit Card', 191),
(61, 'D104', 'Apple Watch Series 7', '2023-04-01', '300 King Street, Montreal, Quebec', '400 Queen Street, Vancouver, British Columbia', 'Cash', 192),
(62, 'A105', 'AirPods Pro', '2023-04-01', '500 Main Street, Toronto, Ontario', '600 Elm Street, Ottawa, Ontario', 'Debit Card', 193),
(63, 'B106', 'Apple TV 4K', '2023-04-01', '700 King Street, Montreal, Quebec', '800 Queen Street, Vancouver, British Columbia', 'Paypal', 194),
(64, 'C107', 'Beats Fit Pro', '2023-04-01', '100 Main Street, Toronto, Ontario', '200 Elm Street, Ottawa, Ontario', 'Credit Card', 195),
(65, 'D108', 'AirTag', '2023-04-01', '300 King Street, Montreal, Quebec', '400 Queen Street, Vancouver, British Columbia', 'Cash', 196),
(66, 'A109', 'Apple Magic Keyboard', '2023-04-01', '500 Main Street, Toronto, Ontario', '600 Elm Street, Ottawa, Ontario', 'Debit Card', 197),
(67, 'B110', 'Apple Magic Mouse', '2023-04-01', '700 King Street, Montreal, Quebec', '800 Queen Street, Vancouver, British Columbia', 'Paypal', 198),
(68, 'C111', 'Apple Magic Trackpad', '2023-04-01', '100 Main Street, Toronto, Ontario', '200 Elm Street, Ottawa, Ontario', 'Credit Card', 199),
(69, 'D112', 'Apple Pencil 3rd Gen', '2023-04-01', '300 King Street, Montreal, Quebec', '400 Queen Street, Vancouver, British Columbia', 'Cash', 200),
(70, 'A113', 'AirPods Max', '2023-04-01', '500 Main Street, Toronto, Ontario', '600 Elm Street, Ottawa, Ontario', 'Debit Card', 201),
(71, 'B114', 'AirTag Hermès', '2023-04-01', '700 King Street, Montreal, Quebec', '800 Queen Street, Vancouver, British Columbia', 'Paypal', 202),
(72, 'C115', 'Mac Studio', '2023-04-01', '100 Main Street, Toronto, Ontario', '200 Elm Street, Ottawa, Ontario', 'Credit Card', 203),
(73, 'D116', 'Studio Display', '2023-04-01', '300 King Street, Montreal, Quebec', '400 Queen Street, Vancouver, British Columbia', 'Cash', 204),
(74, 'A117', 'iPhone 14 Pro Max', '2023-04-01', '500 Main Street, Toronto, Ontario', '600 Elm Street, Ottawa, Ontario', 'Debit Card', 205),
(75, 'B118', 'iPad mini 6th Gen', '2023-04-01', '700 King Street, Montreal, Quebec', '800 Queen Street, Vancouver, British Columbia', 'Paypal', 206),
(76, 'C119', 'Apple Watch SE', '2023-04-01', '100 Main Street, Toronto, Ontario', '200 Elm Street, Ottawa, Ontario', 'Credit Card', 207),
(77, 'A101', 'iPhone 14 Pro', '2023-04-01', '300 King Street, Montreal, Quebec', '400 Queen Street, Vancouver, British Columbia', 'Cash', 208),
(78, 'B102', 'MacBook Pro M2', '2023-04-01', '500 Main Street, Toronto, Ontario', '600 Elm Street, Ottawa, Ontario', 'Debit Card', 209),
(79, 'C103', 'iPad Air 5th Gen', '2023-04-01', '700 King Street, Montreal, Quebec', '800 Queen Street, Vancouver, British Columbia', 'Paypal', 210),
(80, 'D104', 'Apple Watch Series 7', '2023-04-01', '100 Main Street, Toronto, Ontario', '200 Elm Street, Ottawa, Ontario', 'Credit Card', 211),
(81, 'A105', 'AirPods Pro', '2023-04-01', '300 King Street, Montreal, Quebec', '400 Queen Street, Vancouver, British Columbia', 'Cash', 212),
(82, 'B106', 'Apple TV 4K', '2023-04-01', '500 Main Street, Toronto, Ontario', '600 Elm Street, Ottawa, Ontario', 'Debit Card', 213),
(83, 'C107', 'Beats Fit Pro', '2023-04-01', '700 King Street, Montreal, Quebec', '800 Queen Street, Vancouver, British Columbia', 'Paypal', 214),
(84, 'D108', 'AirTag', '2023-04-01', '100 Main Street, Toronto, Ontario', '200 Elm Street, Ottawa, Ontario', 'Credit Card', 215),
(85, 'A109', 'Apple Magic Keyboard', '2023-04-01', '300 King Street, Montreal, Quebec', '400 Queen Street, Vancouver, British Columbia', 'Cash', 216),
(86, 'B110', 'Apple Magic Mouse', '2023-04-01', '500 Main Street, Toronto, Ontario', '600 Elm Street, Ottawa, Ontario', 'Debit Card', 217),
(87, 'C111', 'Apple Magic Trackpad', '2023-04-01', '700 King Street, Montreal, Quebec', '800 Queen Street, Vancouver, British Columbia', 'Paypal', 218),
(88, 'D112', 'Apple Pencil 3rd Gen', '2023-04-01', '100 Main Street, Toronto, Ontario', '200 Elm Street, Ottawa, Ontario', 'Credit Card', 219),
(89, 'A113', 'AirPods Max', '2023-04-01', '300 King Street, Montreal, Quebec', '400 Queen Street, Vancouver, British Columbia', 'Cash', 220),
(90, 'B114', 'AirTag Hermès', '2023-04-01', '500 Main Street, Toronto, Ontario', '600 Elm Street, Ottawa, Ontario', 'Debit Card', 221),
(91, 'C115', 'Mac Studio', '2023-04-01', '700 King Street, Montreal, Quebec', '800 Queen Street, Vancouver, British Columbia', 'Paypal', 222),
(92, 'D116', 'Studio Display', '2023-04-01', '100 Main Street, Toronto, Ontario', '200 Elm Street, Ottawa, Ontario', 'Credit Card', 223),
(93, 'A117', 'iPhone 14 Pro Max', '2023-04-01', '300 King Street, Montreal, Quebec', '400 Queen Street, Vancouver, British Columbia', 'Cash', 224),
(94, 'B118', 'iPad mini 6th Gen', '2023-04-01', '500 Main Street, Toronto, Ontario', '600 Elm Street, Ottawa, Ontario', 'Debit Card', 225),
(95, 'C119', 'Apple Watch SE', '2023-04-01', '700 King Street, Montreal, Quebec', '800 Queen Street, Vancouver, British Columbia', 'Paypal', 226),
(96, 'A101', 'iPhone 14 Pro', '2023-04-01', '100 Main Street, Toronto, Ontario', '200 Elm Street, Ottawa, Ontario', 'Credit Card', 227),
(97, 'B102', 'MacBook Pro M2', '2023-04-01', '300 King Street, Montreal, Quebec', '400 Queen Street, Vancouver, British Columbia', 'Cash', 228),
(98, 'C103', 'iPad Air 5th Gen', '2023-04-01', '500 Main Street, Toronto, Ontario', '600 Elm Street, Ottawa, Ontario', 'Debit Card', 229),
(99, 'D104', 'Apple Watch Series 7', '2023-04-01', '700 King Street, Montreal, Quebec', '800 Queen Street, Vancouver, British Columbia', 'Paypal', 230),
(100, 'A105', 'AirPods Pro', '2023-04-01', '100 Main Street, Toronto, Ontario', '200 Elm Street, Ottawa, Ontario', 'Credit Card', 231),
(101, 'B106', 'Apple TV 4K', '2023-04-01', '300 King Street, Montreal, Quebec', '400 Queen Street, Vancouver, British Columbia', 'Cash', 232),
(102, 'C107', 'Beats Fit Pro', '2023-04-01', '500 Main Street, Toronto, Ontario', '600 Elm Street, Ottawa, Ontario', 'Debit Card', 233),
(103, 'D108', 'AirTag', '2023-04-01', '700 King Street, Montreal, Quebec', '800 Queen Street, Vancouver, British Columbia', 'Paypal', 234),
(104, 'A109', 'Apple Magic Keyboard', '2023-04-01', '100 Main Street, Toronto, Ontario', '200 Elm Street, Ottawa, Ontario', 'Credit Card', 235),
(105, 'B110', 'Apple Magic Mouse', '2023-04-01', '300 King Street, Montreal, Quebec', '400 Queen Street, Vancouver, British Columbia', 'Cash', 236),
(106, 'C111', 'Apple Magic Trackpad', '2023-04-01', '500 Main Street, Toronto, Ontario', '600 Elm Street, Ottawa, Ontario', 'Debit Card', 237),
(107, 'D112', 'Apple Pencil 3rd Gen', '2023-04-01', '700 King Street, Montreal, Quebec', '800 Queen Street, Vancouver, British Columbia', 'Paypal', 238),
(108, 'A113', 'AirPods Max', '2023-04-01', '100 Main Street, Toronto, Ontario', '200 Elm Street, Ottawa, Ontario', 'Credit Card', 239),
(109, 'B114', 'AirTag Hermès', '2023-04-01', '300 King Street, Montreal, Quebec', '400 Queen Street, Vancouver, British Columbia', 'Cash', 240),
(110, 'C115', 'Mac Studio', '2023-04-01', '500 Main Street, Toronto, Ontario', '600 Elm Street, Ottawa, Ontario', 'Debit Card', 241),
(111, 'D116', 'Studio Display', '2023-04-01', '700 King Street, Montreal, Quebec', '800 Queen Street, Vancouver, British Columbia', 'Paypal', 242),
(112, 'A117', 'iPhone 14 Pro Max', '2023-04-01', '100 Main Street, Toronto, Ontario', '200 Elm Street, Ottawa, Ontario', 'Credit Card', 243),
(113, 'B118', 'iPad mini 6th Gen', '2023-04-01', '300 King Street, Montreal, Quebec', '400 Queen Street, Vancouver, British Columbia', 'Cash', 244),
(114, 'C119', 'Apple Watch SE', '2023-04-01', '500 Main Street, Toronto, Ontario', '600 Elm Street, Ottawa, Ontario', 'Debit Card', 245),
(115, 'A101', 'iPhone 14 Pro', '2023-04-01', '700 King Street, Montreal, Quebec', '800 Queen Street, Vancouver, British Columbia', 'Paypal', 246),
(116, 'B102', 'MacBook Pro M2', '2023-04-01', '100 Main Street, Toronto, Ontario', '200 Elm Street, Ottawa, Ontario', 'Credit Card', 247),
(117, 'C103', 'iPad Air 5th Gen', '2023-04-01', '300 King Street, Montreal, Quebec', '400 Queen Street, Vancouver, British Columbia', 'Cash', 248),
(118, 'D104', 'Apple Watch Series 7', '2023-04-01', '500 Main Street, Toronto, Ontario', '600 Elm Street, Ottawa, Ontario', 'Debit Card', 249),
(119, 'A105', 'AirPods Pro', '2023-04-01', '700 King Street, Montreal, Quebec', '800 Queen Street, Vancouver, British Columbia', 'Paypal', 250),
(120, 'A101', 'iPhone 14 Pro', '2023-04-02', '100 Main Street, Toronto, Ontario', '200 Elm Street, Ottawa, Ontario', 'Credit Card', 119),
(121, 'B102', 'MacBook Pro M2', '2023-04-02', '300 King Street, Montreal, Quebec', '400 Queen Street, Vancouver, British Columbia', 'Cash', 119),
(122, 'C103', 'iPad Air 5th Gen', '2023-04-02', '500 Main Street, Toronto, Ontario', '600 Elm Street, Ottawa, Ontario', 'Debit Card', 120),
(123, 'D104', 'Apple Watch Series 7', '2023-04-02', '700 King Street, Montreal, Quebec', '800 Queen Street, Vancouver, British Columbia', 'Paypal', 120),
(124, 'A105', 'AirPods Pro', '2023-04-02', '100 Main Street, Toronto, Ontario', '200 Elm Street, Ottawa, Ontario', 'Credit Card', 121),
(125, 'B106', 'Apple TV 4K', '2023-04-02', '300 King Street, Montreal, Quebec', '400 Queen Street, Vancouver, British Columbia', 'Cash', 121),
(126, 'C107', 'Beats Fit Pro', '2023-04-02', '500 Main Street, Toronto, Ontario', '600 Elm Street, Ottawa, Ontario', 'Debit Card', 122),
(127, 'D108', 'AirTag', '2023-04-02', '700 King Street, Montreal, Quebec', '800 Queen Street, Vancouver, British Columbia', 'Paypal', 122),
(128, 'A109', 'Apple Magic Keyboard', '2023-04-02', '100 Main Street, Toronto, Ontario', '200 Elm Street, Ottawa, Ontario', 'Credit Card', 123),
(129, 'B110', 'Apple Magic Mouse', '2023-04-02', '300 King Street, Montreal, Quebec', '400 Queen Street, Vancouver, British Columbia', 'Cash', 123),
(130, 'C111', 'Apple Magic Trackpad', '2023-04-02', '500 Main Street, Toronto, Ontario', '600 Elm Street, Ottawa, Ontario', 'Debit Card', 124),
(131, 'D112', 'Apple Pencil 3rd Gen', '2023-04-02', '700 King Street, Montreal, Quebec', '800 Queen Street, Vancouver, British Columbia', 'Paypal', 124),
(132, 'A113', 'AirPods Max', '2023-04-02', '100 Main Street, Toronto, Ontario', '200 Elm Street, Ottawa, Ontario', 'Credit Card', 125),
(133, 'B114', 'AirTag Hermès', '2023-04-02', '300 King Street, Montreal, Quebec', '400 Queen Street, Vancouver, British Columbia', 'Cash', 125),
(134, 'C115', 'Mac Studio', '2023-04-02', '500 Main Street, Toronto, Ontario', '600 Elm Street, Ottawa, Ontario', 'Debit Card', 126),
(135, 'D116', 'Studio Display', '2023-04-02', '700 King Street, Montreal, Quebec', '800 Queen Street, Vancouver, British Columbia', 'Paypal', 126)
(136, 'A117', 'iPhone 14 Pro Max', '2023-04-02', '100 Main Street, Toronto, Ontario', '200 Elm Street, Ottawa, Ontario', 'Credit Card', 127),
(137, 'B118', 'iPad mini 6th Gen', '2023-04-02', '300 King Street, Montreal, Quebec', '400 Queen Street, Vancouver, British Columbia', 'Cash', 127),
(138, 'C119', 'Apple Watch SE', '2023-04-02', '500 Main Street, Toronto, Ontario', '600 Elm Street, Ottawa, Ontario', 'Debit Card', 128),
(139, 'A101', 'iPhone 14 Pro', '2023-04-02', '700 King Street, Montreal, Quebec', '800 Queen Street, Vancouver, British Columbia', 'Paypal', 128),
(140, 'B102', 'MacBook Pro M2', '2023-04-02', '100 Main Street, Toronto, Ontario', '200 Elm Street, Ottawa, Ontario', 'Credit Card', 129),
(141, 'C103', 'iPad Air 5th Gen', '2023-04-02', '300 King Street, Montreal, Quebec', '400 Queen Street, Vancouver, British Columbia', 'Cash', 129),
(142, 'D104', 'Apple Watch Series 7', '2023-04-02', '500 Main Street, Toronto, Ontario', '600 Elm Street, Ottawa, Ontario', 'Debit Card', 130),
(143, 'A105', 'AirPods Pro', '2023-04-02', '700 King Street, Montreal, Quebec', '800 Queen Street, Vancouver, British Columbia', 'Paypal', 130),
(144, 'B106', 'Apple TV 4K', '2023-04-02', '100 Main Street, Toronto, Ontario', '200 Elm Street, Ottawa, Ontario', 'Credit Card', 131),
(145, 'C107', 'Beats Fit Pro', '2023-04-02', '300 King Street, Montreal, Quebec', '400 Queen Street, Vancouver, British Columbia', 'Cash', 131),
(146, 'D108', 'AirTag', '2023-04-02', '500 Main Street, Toronto, Ontario', '600 Elm Street, Ottawa, Ontario', 'Debit Card', 132),
(147, 'A109', 'Apple Magic Keyboard', '2023-04-02', '700 King Street, Montreal, Quebec', '800 Queen Street, Vancouver, British Columbia', 'Paypal', 132),
(148, 'B110', 'Apple Magic Mouse', '2023-04-02', '100 Main Street, Toronto, Ontario', '200 Elm Street, Ottawa, Ontario', 'Credit Card', 133),
(149, 'C111', 'Apple Magic Trackpad', '2023-04-02', '300 King Street, Montreal, Quebec', '400 Queen Street, Vancouver, British Columbia', 'Cash', 133),
(150, 'D112', 'Apple Pencil 3rd Gen', '2023-04-02', '500 Main Street, Toronto, Ontario', '600 Elm Street, Ottawa, Ontario', 'Debit Card', 134),
(151, 'A113', 'AirPods Max', '2023-04-02', '700 King Street, Montreal, Quebec', '800 Queen Street, Vancouver, British Columbia', 'Paypal', 134),
(152, 'B114', 'AirTag Hermès', '2023-04-02', '100 Main Street, Toronto, Ontario', '200 Elm Street, Ottawa, Ontario', 'Credit Card', 135),
(153, 'C115', 'Mac Studio', '2023-04-02', '300 King Street, Montreal, Quebec', '400 Queen Street, Vancouver, British Columbia', 'Cash', 135),
(154, 'D116', 'Studio Display', '2023-04-02', '500 Main Street, Toronto, Ontario', '600 Elm Street, Ottawa, Ontario', 'Debit Card', 136),
(155, 'A117', 'iPhone 14 Pro Max', '2023-04-02', '700 King Street, Montreal, Quebec', '800 Queen Street, Vancouver, British Columbia', 'Paypal', 136),
(156, 'B118', 'iPad mini 6th Gen', '2023-04-02', '100 Main Street, Toronto, Ontario', '200 Elm Street, Ottawa, Ontario', 'Credit Card', 137),
(157, 'C119', 'Apple Watch SE', '2023-04-02', '300 King Street, Montreal, Quebec', '400 Queen Street, Vancouver, British Columbia', 'Cash', 137),
(158, 'A101', 'iPhone 14 Pro', '2023-04-02', '500 Main Street, Toronto, Ontario', '600 Elm Street, Ottawa, Ontario', 'Debit Card', 138),
(159, 'B102', 'MacBook Pro M2', '2023-04-02', '700 King Street, Montreal, Quebec', '800 Queen Street, Vancouver, British Columbia', 'Paypal', 138),
(160, 'C103', 'iPad Air 5th Gen', '2023-04-02', '100 Main Street, Toronto, Ontario', '200 Elm Street, Ottawa, Ontario', 'Credit Card', 139),
(161, 'D104', 'Apple Watch Series 7', '2023-04-02', '300 King Street, Montreal, Quebec', '400 Queen Street, Vancouver, British Columbia', 'Cash', 139),
(162, 'A105', 'AirPods Pro', '2023-04-02', '500 Main Street, Toronto, Ontario', '600 Elm Street, Ottawa, Ontario', 'Debit Card', 140),
(163, 'B106', 'Apple TV 4K', '2023-04-02', '700 King Street, Montreal, Quebec', '800 Queen Street, Vancouver, British Columbia', 'Paypal', 140),
(164, 'C107', 'Beats Fit Pro', '2023-04-02', '100 Main Street, Toronto, Ontario', '200 Elm Street, Ottawa, Ontario', 'Credit Card', 141),
(165, 'D108', 'AirTag', '2023-04-02', '300 King Street, Montreal, Quebec', '400 Queen Street, Vancouver, British Columbia', 'Cash', 141),
(166, 'A109', 'Apple Magic Keyboard', '2023-04-02', '500 Main Street, Toronto, Ontario', '600 Elm Street, Ottawa, Ontario', 'Debit Card', 142),
(167, 'B110', 'Apple Magic Mouse', '2023-04-02', '700 King Street, Montreal, Quebec', '800 Queen Street, Vancouver, British Columbia', 'Paypal', 142),
(168, 'C111', 'Apple Magic Trackpad', '2023-04-02', '100 Main Street, Toronto, Ontario', '200 Elm Street, Ottawa, Ontario', 'Credit Card', 143),
(169, 'D112', 'Apple Pencil 3rd Gen', '2023-04-02', '300 King Street, Montreal, Quebec', '400 Queen Street, Vancouver, British Columbia', 'Cash', 143),
(170, 'A113', 'AirPods Max', '2023-04-02', '500 Main Street, Toronto, Ontario', '600 Elm Street, Ottawa, Ontario', 'Debit Card', 144),
(171, 'B114', 'AirTag Hermès', '2023-04-02', '700 King Street, Montreal, Quebec', '800 Queen Street, Vancouver, British Columbia', 'Paypal', 144),
(172, 'C115', 'Mac Studio', '2023-04-02', '100 Main Street, Toronto, Ontario', '200 Elm Street, Ottawa, Ontario', 'Credit Card', 145),
(173, 'D116', 'Studio Display', '2023-04-02', '300 King Street, Montreal, Quebec', '400 Queen Street, Vancouver, British Columbia', 'Cash', 145),
(174, 'A117', 'iPhone 14 Pro Max', '2023-04-02', '500 Main Street, Toronto, Ontario', '600 Elm Street, Ottawa, Ontario', 'Debit Card', 146),
(175, 'B118', 'iPad mini 6th Gen', '2023-04-02', '700 King Street, Montreal, Quebec', '800 Queen Street, Vancouver, British Columbia', 'Paypal', 146),
(176, 'C119', 'Apple Watch SE', '2023-04-02', '100 Main Street, Toronto, Ontario', '200 Elm Street, Ottawa, Ontario', 'Credit Card', 147),
(177, 'A101', 'iPhone 14 Pro', '2023-04-02', '300 King Street, Montreal, Quebec', '400 Queen Street, Vancouver, British Columbia', 'Cash', 147),
(178, 'B102', 'MacBook Pro M2', '2023-04-02', '500 Main Street, Toronto, Ontario', '600 Elm Street, Ottawa, Ontario', 'Debit Card', 148),
(179, 'C103', 'iPad Air 5th Gen', '2023-04-02', '700 King Street, Montreal, Quebec', '800 Queen Street, Vancouver, British Columbia', 'Paypal', 148),
(180, 'D104', 'Apple Watch Series 7', '2023-04-02', '100 Main Street, Toronto, Ontario', '200 Elm Street, Ottawa, Ontario', 'Credit Card', 149),
(181, 'A105', 'AirPods Pro', '2023-04-02', '300 King Street, Montreal, Quebec', '400 Queen Street, Vancouver, British Columbia', 'Cash', 149),
(182, 'B106', 'Apple TV 4K', '2023-04-02', '500 Main Street, Toronto, Ontario', '600 Elm Street, Ottawa, Ontario', 'Debit Card', 150),
(183, 'C107', 'Beats Fit Pro', '2023-04-02', '700 King Street, Montreal, Quebec', '800 Queen Street, Vancouver, British Columbia', 'Paypal', 150),
(184, 'A113', 'AirPods Max', '2023-04-03', '700 King Street, Montreal, Quebec', '800 Queen Street, Vancouver, British Columbia', 'Paypal', 115),
(185, 'B114', 'AirTag Hermès', '2023-04-03', '100 Main Street, Toronto, Ontario', '200 Elm Street, Ottawa, Ontario', 'Credit Card', 115),
(186, 'C115', 'Mac Studio', '2023-04-03', '300 King Street, Montreal, Quebec', '400 Queen Street, Vancouver, British Columbia', 'Cash', 116),
(187, 'D116', 'Studio Display', '2023-04-03', '500 Main Street, Toronto, Ontario', '600 Elm Street, Ottawa, Ontario', 'Debit Card', 116),
(188, 'A117', 'iPhone 14 Pro Max', '2023-04-03', '700 King Street, Montreal, Quebec', '800 Queen Street, Vancouver, British Columbia', 'Paypal', 117),
(189, 'B118', 'iPad mini 6th Gen', '2023-04-03', '100 Main Street, Toronto, Ontario', '200 Elm Street, Ottawa, Ontario', 'Credit Card', 117),
(190, 'C119', 'Apple Watch SE', '2023-04-03', '300 King Street, Montreal, Quebec', '400 Queen Street, Vancouver, British Columbia', 'Cash', 118),
(191, 'A101', 'iPhone 14 Pro', '2023-04-03', '500 Main Street, Toronto, Ontario', '600 Elm Street, Ottawa, Ontario', 'Debit Card', 118),
(192, 'B102', 'MacBook Pro M2', '2023-04-03', '700 King Street, Montreal, Quebec', '800 Queen Street, Vancouver, British Columbia', 'Paypal', 151),
(193, 'C103', 'iPad Air 5th Gen', '2023-04-03', '100 Main Street, Toronto, Ontario', '200 Elm Street, Ottawa, Ontario', 'Credit Card', 152),
(194, 'D104', 'Apple Watch Series 7', '2023-04-03', '300 King Street, Montreal, Quebec', '400 Queen Street, Vancouver, British Columbia', 'Cash', 153),
(195, 'A105', 'AirPods Pro', '2023-04-03', '500 Main Street, Toronto, Ontario', '600 Elm Street, Ottawa, Ontario', 'Debit Card', 154),
(196, 'B106', 'Apple TV 4K', '2023-04-03', '700 King Street, Montreal, Quebec', '800 Queen Street, Vancouver, British Columbia', 'Paypal', 155),
(197, 'C107', 'Beats Fit Pro', '2023-04-03', '100 Main Street, Toronto, Ontario', '200 Elm Street, Ottawa, Ontario', 'Credit Card', 156),
(198, 'D108', 'AirTag', '2023-04-03', '300 King Street, Montreal, Quebec', '400 Queen Street, Vancouver, British Columbia', 'Cash', 157),
(199, 'A109', 'Apple Magic Keyboard', '2023-04-03', '500 Main Street, Toronto, Ontario', '600 Elm Street, Ottawa, Ontario', 'Debit Card', 158),
(200, 'B110', 'Apple Magic Mouse', '2023-04-03', '700 King Street, Montreal, Quebec', '800 Queen Street, Vancouver, British Columbia', 'Paypal', 159),
(201, 'C111', 'Apple Magic Trackpad', '2023-04-03', '100 Main Street, Toronto, Ontario', '200 Elm Street, Ottawa, Ontario', 'Credit Card', 160),
(202, 'D112', 'Apple Pencil 3rd Gen', '2023-04-03', '300 King Street, Montreal, Quebec', '400 Queen Street, Vancouver, British Columbia', 'Cash', 161),
(203, 'A113', 'AirPods Max', '2023-04-03', '500 Main Street, Toronto, Ontario', '600 Elm Street, Ottawa, Ontario', 'Debit Card', 162),
(204, 'B114', 'AirTag Hermès', '2023-04-03', '700 King Street, Montreal, Quebec', '800 Queen Street, Vancouver, British Columbia', 'Paypal', 163),
(205, 'C115', 'Mac Studio', '2023-04-03', '100 Main Street, Toronto, Ontario', '200 Elm Street, Ottawa, Ontario', 'Credit Card', 164),
(206, 'D116', 'Studio Display', '2023-04-03', '300 King Street, Montreal, Quebec', '400 Queen Street, Vancouver, British Columbia', 'Cash', 165),
(207, 'A117', 'iPhone 14 Pro Max', '2023-04-03', '500 Main Street, Toronto, Ontario', '600 Elm Street, Ottawa, Ontario', 'Debit Card', 166),
(208, 'B118', 'iPad mini 6th Gen', '2023-04-03', '700 King Street, Montreal, Quebec', '800 Queen Street, Vancouver, British Columbia', 'Paypal', 167),
(209, 'C119', 'Apple Watch SE', '2023-04-03', '100 Main Street, Toronto, Ontario', '200 Elm Street, Ottawa, Ontario', 'Credit Card', 168),
(210, 'A101', 'iPhone 14 Pro', '2023-04-03', '300 King Street, Montreal, Quebec', '400 Queen Street, Vancouver, British Columbia', 'Cash', 169),
(211, 'B102', 'MacBook Pro M2', '2023-04-03', '500 Main Street, Toronto, Ontario', '600 Elm Street, Ottawa, Ontario', 'Debit Card', 170),
(212, 'C103', 'iPad Air 5th Gen', '2023-04-03', '700 King Street, Montreal, Quebec', '800 Queen Street, Vancouver, British Columbia', 'Paypal', 171),
(213, 'D104', 'Apple Watch Series 7', '2023-04-03', '100 Main Street, Toronto, Ontario', '200 Elm Street, Ottawa, Ontario', 'Credit Card', 172),
(214, 'A105', 'AirPods Pro', '2023-04-03', '300 King Street, Montreal, Quebec', '400 Queen Street, Vancouver, British Columbia', 'Cash', 173),
(215, 'B106', 'Apple TV 4K', '2023-04-03', '500 Main Street, Toronto, Ontario', '600 Elm Street, Ottawa, Ontario', 'Debit Card', 174),
(216, 'C107', 'Beats Fit Pro', '2023-04-03', '700 King Street, Montreal, Quebec', '800 Queen Street, Vancouver, British Columbia', 'Paypal', 175),
(217, 'D108', 'AirTag', '2023-04-03', '100 Main Street, Toronto, Ontario', '200 Elm Street, Ottawa, Ontario', 'Credit Card', 176),
(218, 'A109', 'Apple Magic Keyboard', '2023-04-03', '300 King Street, Montreal, Quebec', '400 Queen Street, Vancouver, British Columbia', 'Cash', 177),
(219, 'B110', 'Apple Magic Mouse', '2023-04-03', '500 Main Street, Toronto, Ontario', '600 Elm Street, Ottawa, Ontario', 'Debit Card', 178),
(220, 'C111', 'Apple Magic Trackpad', '2023-04-03', '700 King Street, Montreal, Quebec', '800 Queen Street, Vancouver, British Columbia', 'Paypal', 179),
(221, 'D112', 'Apple Pencil 3rd Gen', '2023-04-03', '100 Main Street, Toronto, Ontario', '200 Elm Street, Ottawa, Ontario', 'Credit Card', 180),
(222, 'A113', 'AirPods Max', '2023-04-03', '300 King Street, Montreal, Quebec', '400 Queen Street, Vancouver, British Columbia', 'Cash', 181),
(223, 'B114', 'AirTag Hermès', '2023-04-03', '500 Main Street, Toronto, Ontario', '600 Elm Street, Ottawa, Ontario', 'Debit Card', 182),
(224, 'C115', 'Mac Studio', '2023-04-03', '700 King Street, Montreal, Quebec', '800 Queen Street, Vancouver, British Columbia', 'Paypal', 183),
(225, 'D116', 'Studio Display', '2023-04-03', '100 Main Street, Toronto, Ontario', '200 Elm Street, Ottawa, Ontario', 'Credit Card', 184),
(226, 'A117', 'iPhone 14 Pro Max', '2023-04-03', '300 King Street, Montreal, Quebec', '400 Queen Street, Vancouver, British Columbia', 'Cash', 185),
(227, 'B118', 'iPad mini 6th Gen', '2023-04-03', '500 Main Street, Toronto, Ontario', '600 Elm Street, Ottawa, Ontario', 'Debit Card', 186),
(228, 'C119', 'Apple Watch SE', '2023-04-03', '700 King Street, Montreal, Quebec', '800 Queen Street, Vancouver, British Columbia', 'Paypal', 187),
(229, 'A101', 'iPhone 14 Pro', '2023-04-03', '100 Main Street, Toronto, Ontario', '200 Elm Street, Ottawa, Ontario', 'Credit Card', 188),
(230, 'B102', 'MacBook Pro M2', '2023-04-03', '300 King Street, Montreal, Quebec', '400 Queen Street, Vancouver, British Columbia', 'Cash', 189),
(231, 'C103', 'iPad Air 5th Gen', '2023-04-03', '500 Main Street, Toronto, Ontario', '600 Elm Street, Ottawa, Ontario', 'Debit Card', 190),
(232, 'D104', 'Apple Watch Series 7', '2023-04-03', '700 King Street, Montreal, Quebec', '800 Queen Street, Vancouver, British Columbia', 'Paypal', 191),
(233, 'A105', 'AirPods Pro', '2023-04-03', '100 Main Street, Toronto, Ontario', '200 Elm Street, Ottawa, Ontario', 'Credit Card', 192),
(234, 'B106', 'Apple TV 4K', '2023-04-03', '300 King Street, Montreal, Quebec', '400 Queen Street, Vancouver, British Columbia', 'Cash', 193),
(235, 'C107', 'Beats Fit Pro', '2023-04-03', '500 Main Street, Toronto, Ontario', '600 Elm Street, Ottawa, Ontario', 'Debit Card', 194),
(236, 'D108', 'AirTag', '2023-04-03', '700 King Street, Montreal, Quebec', '800 Queen Street, Vancouver, British Columbia', 'Paypal', 195),
(237, 'A109', 'Apple Magic Keyboard', '2023-04-03', '100 Main Street, Toronto, Ontario', '200 Elm Street, Ottawa, Ontario', 'Credit Card', 196),
(238, 'B110', 'Apple Magic Mouse', '2023-04-03', '300 King Street, Montreal, Quebec', '400 Queen Street, Vancouver, British Columbia', 'Cash', 197),
(239, 'C111', 'Apple Magic Trackpad', '2023-04-03', '500 Main Street, Toronto, Ontario', '600 Elm Street, Ottawa, Ontario', 'Debit Card', 198),
(240, 'D112', 'Apple Pencil 3rd Gen', '2023-04-03', '700 King Street, Montreal, Quebec', '800 Queen Street, Vancouver, British Columbia', 'Paypal', 199),
(241, 'A113', 'AirPods Max', '2023-04-03', '100 Main Street, Toronto, Ontario', '200 Elm Street, Ottawa, Ontario', 'Credit Card', 200),
(242, 'B114', 'AirTag Hermès', '2023-04-03', '300 King Street, Montreal, Quebec', '400 Queen Street, Vancouver, British Columbia', 'Cash', 201),
(243, 'C115', 'Mac Studio', '2023-04-03', '500 Main Street, Toronto, Ontario', '600 Elm Street, Ottawa, Ontario', 'Debit Card', 202),
(244, 'D116', 'Studio Display', '2023-04-03', '700 King Street, Montreal, Quebec', '800 Queen Street, Vancouver, British Columbia', 'Paypal', 203),
(245, 'A117', 'iPhone 14 Pro Max', '2023-04-03', '100 Main Street, Toronto, Ontario', '200 Elm Street, Ottawa, Ontario', 'Credit Card', 204),
(246, 'B118', 'iPad mini 6th Gen', '2023-04-03', '300 King Street, Montreal, Quebec', '400 Queen Street, Vancouver, British Columbia', 'Cash', 205),
(247, 'C119', 'Apple Watch SE', '2023-04-03', '500 Main Street, Toronto, Ontario', '600 Elm Street, Ottawa, Ontario', 'Debit Card', 206),
(248, 'A101', 'iPhone 14 Pro', '2023-04-03', '700 King Street, Montreal, Quebec', '800 Queen Street, Vancouver, British Columbia', 'Paypal', 207),
(249, 'B102', 'MacBook Pro M2', '2023-04-03', '100 Main Street, Toronto, Ontario', '200 Elm Street, Ottawa, Ontario', 'Credit Card', 208),
(250, 'C103', 'iPad Air 5th Gen', '2023-04-03', '300 King Street, Montreal, Quebec', '400 Queen Street, Vancouver, British Columbia', 'Cash', 209),
(251, 'D104', 'Apple Watch Series 7', '2023-04-03', '500 Main Street, Toronto, Ontario', '600 Elm Street, Ottawa, Ontario', 'Debit Card', 210),
(252, 'A105', 'AirPods Pro', '2023-04-03', '700 King Street, Montreal, Quebec', '800 Queen Street, Vancouver, British Columbia', 'Paypal', 211),
(253, 'B106', 'Apple TV 4K', '2023-04-03', '100 Main Street, Toronto, Ontario', '200 Elm Street, Ottawa, Ontario', 'Credit Card', 212),
(254, 'C107', 'Beats Fit Pro', '2023-04-03', '300 King Street, Montreal, Quebec', '400 Queen Street, Vancouver, British Columbia', 'Cash', 213),
(255, 'D108', 'AirTag', '2023-04-03', '500 Main Street, Toronto, Ontario', '600 Elm Street, Ottawa, Ontario', 'Debit Card', 214),
(256, 'A109', 'Apple Magic Keyboard', '2023-04-03', '700 King Street, Montreal, Quebec', '800 Queen Street, Vancouver, British Columbia', 'Paypal', 215),
(257, 'B110', 'Apple Magic Mouse', '2023-04-03', '100 Main Street, Toronto, Ontario', '200 Elm Street, Ottawa, Ontario', 'Credit Card', 216),
(258, 'C111', 'Apple Magic Trackpad', '2023-04-03', '300 King Street, Montreal, Quebec', '400 Queen Street, Vancouver, British Columbia', 'Cash', 217),
(259, 'D112', 'Apple Pencil 3rd Gen', '2023-04-03', '500 Main Street, Toronto, Ontario', '600 Elm Street, Ottawa, Ontario', 'Debit Card', 218),
(260, 'A113', 'AirPods Max', '2023-04-03', '700 King Street, Montreal, Quebec', '800 Queen Street, Vancouver, British Columbia', 'Paypal', 219),
(261, 'B114', 'AirTag Hermès', '2023-04-03', '100 Main Street, Toronto, Ontario', '200 Elm Street, Ottawa, Ontario', 'Credit Card', 220),
(262, 'C115', 'Mac Studio', '2023-04-03', '300 King Street, Montreal, Quebec', '400 Queen Street, Vancouver, British Columbia', 'Cash', 221),
(263, 'D116', 'Studio Display', '2023-04-03', '500 Main Street, Toronto, Ontario', '600 Elm Street, Ottawa, Ontario', 'Debit Card', 222),
(264, 'A117', 'iPhone 14 Pro Max', '2023-04-03', '700 King Street, Montreal, Quebec', '800 Queen Street, Vancouver, British Columbia', 'Paypal', 223),
(265, 'B118', 'iPad mini 6th Gen', '2023-04-03', '100 Main Street, Toronto, Ontario', '200 Elm Street, Ottawa, Ontario', 'Credit Card', 224),
(266, 'C119', 'Apple Watch SE', '2023-04-03', '300 King Street, Montreal, Quebec', '400 Queen Street, Vancouver, British Columbia', 'Cash', 225),
(267, 'A101', 'iPhone 14 Pro', '2023-04-03', '500 Main Street, Toronto, Ontario', '600 Elm Street, Ottawa, Ontario', 'Debit Card', 226),
(268, 'B102', 'MacBook Pro M2', '2023-04-03', '700 King Street, Montreal, Quebec', '800 Queen Street, Vancouver, British Columbia', 'Paypal', 227),
(269, 'C103', 'iPad Air 5th Gen', '2023-04-03', '100 Main Street, Toronto, Ontario', '200 Elm Street, Ottawa, Ontario', 'Credit Card', 228),
(270, 'D104', 'Apple Watch Series 7', '2023-04-03', '300 King Street, Montreal, Quebec', '400 Queen Street, Vancouver, British Columbia', 'Cash', 229),
(271, 'A105', 'AirPods Pro', '2023-04-03', '500 Main Street, Toronto, Ontario', '600 Elm Street, Ottawa, Ontario', 'Debit Card', 230),
(272, 'B106', 'Apple TV 4K', '2023-04-03', '700 King Street, Montreal, Quebec', '800 Queen Street, Vancouver, British Columbia', 'Paypal', 231),
(273, 'C107', 'Beats Fit Pro', '2023-04-03', '100 Main Street, Toronto, Ontario', '200 Elm Street, Ottawa, Ontario', 'Credit Card', 232),
(274, 'D108', 'AirTag', '2023-04-03', '300 King Street, Montreal, Quebec', '400 Queen Street, Vancouver, British Columbia', 'Cash', 233),
(275, 'A109', 'Apple Magic Keyboard', '2023-04-03', '500 Main Street, Toronto, Ontario', '600 Elm Street, Ottawa, Ontario', 'Debit Card', 234),
(276, 'B110', 'Apple Magic Mouse', '2023-04-03', '700 King Street, Montreal, Quebec', '800 Queen Street, Vancouver, British Columbia', 'Paypal', 235),
(277, 'C111', 'Apple Magic Trackpad', '2023-04-03', '100 Main Street, Toronto, Ontario', '200 Elm Street, Ottawa, Ontario', 'Credit Card', 236),
(278, 'D112', 'Apple Pencil 3rd Gen', '2023-04-03', '300 King Street, Montreal, Quebec', '400 Queen Street, Vancouver, British Columbia', 'Cash', 237),
(279, 'A113', 'AirPods Max', '2023-04-03', '500 Main Street, Toronto, Ontario', '600 Elm Street, Ottawa, Ontario', 'Debit Card', 238),
(280, 'B114', 'AirTag Hermès', '2023-04-03', '700 King Street, Montreal, Quebec', '800 Queen Street, Vancouver, British Columbia', 'Paypal', 239),
(281, 'C115', 'Mac Studio', '2023-04-03', '100 Main Street, Toronto, Ontario', '200 Elm Street, Ottawa, Ontario', 'Credit Card', 240),
(282, 'D116', 'Studio Display', '2023-04-03', '300 King Street, Montreal, Quebec', '400 Queen Street, Vancouver, British Columbia', 'Cash', 241),
(283, 'A117', 'iPhone 14 Pro Max', '2023-04-03', '500 Main Street, Toronto, Ontario', '600 Elm Street, Ottawa, Ontario', 'Debit Card', 242),
(284, 'B118', 'iPad mini 6th Gen', '2023-04-03', '700 King Street, Montreal, Quebec', '800 Queen Street, Vancouver, British Columbia', 'Paypal', 243),
(285, 'C119', 'Apple Watch SE', '2023-04-03', '100 Main Street, Toronto, Ontario', '200 Elm Street, Ottawa, Ontario', 'Credit Card', 244),
(286, 'A101', 'iPhone 14 Pro', '2023-04-03', '300 King Street, Montreal, Quebec', '400 Queen Street, Vancouver, British Columbia', 'Cash', 245),
(287, 'B102', 'MacBook Pro M2', '2023-04-03', '500 Main Street, Toronto, Ontario', '600 Elm Street, Ottawa, Ontario', 'Debit Card', 246),
(288, 'C103', 'iPad Air 5th Gen', '2023-04-03', '700 King Street, Montreal, Quebec', '800 Queen Street, Vancouver, British Columbia', 'Paypal', 247),
(289, 'D104', 'Apple Watch Series 7', '2023-04-03', '100 Main Street, Toronto, Ontario', '200 Elm Street, Ottawa, Ontario', 'Credit Card', 248),
(290, 'A105', 'AirPods Pro', '2023-04-03', '300 King Street, Montreal, Quebec', '400 Queen Street, Vancouver, British Columbia', 'Cash', 249),
(291, 'B106', 'Apple TV 4K', '2023-04-03', '500 Main Street, Toronto, Ontario', '600 Elm Street, Ottawa, Ontario', 'Debit Card', 250),
(292, 'C107', 'Beats Fit Pro', '2023-04-04', '700 King Street, Montreal, Quebec', '800 Queen Street, Vancouver, British Columbia', 'Paypal', 251),
(293, 'D108', 'AirTag', '2023-04-04', '100 Main Street, Toronto, Ontario', '200 Elm Street, Ottawa, Ontario', 'Credit Card', 252),
(294, 'A109', 'Apple Magic Keyboard', '2023-04-04', '300 King Street, Montreal, Quebec', '400 Queen Street, Vancouver, British Columbia', 'Cash', 253),
(295, 'B110', 'Apple Magic Mouse', '2023-04-04', '500 Main Street, Toronto, Ontario', '600 Elm Street, Ottawa, Ontario', 'Debit Card', 254),
(296, 'C111', 'Apple Magic Trackpad', '2023-04-04', '700 King Street, Montreal, Quebec', '800 Queen Street, Vancouver, British Columbia', 'Paypal', 255),
(297, 'D112', 'Apple Pencil 3rd Gen', '2023-04-04', '100 Main Street, Toronto, Ontario', '200 Elm Street, Ottawa, Ontario', 'Credit Card', 256),
(298, 'A113', 'AirPods Max', '2023-04-04', '300 King Street, Montreal, Quebec', '400 Queen Street, Vancouver, British Columbia', 'Cash', 257),
(299, 'B114', 'AirTag Hermès', '2023-04-04', '500 Main Street, Toronto, Ontario', '600 Elm Street, Ottawa, Ontario', 'Debit Card', 258),
(300, 'C115', 'Mac Studio', '2023-04-04', '700 King Street, Montreal, Quebec', '800 Queen Street, Vancouver, British Columbia', 'Paypal', 259),
(301, 'D116', 'Studio Display', '2023-04-04', '100 Main Street, Toronto, Ontario', '200 Elm Street, Ottawa, Ontario', 'Credit Card', 260),
(302, 'A117', 'iPhone 14 Pro Max', '2023-04-04', '300 King Street, Montreal, Quebec', '400 Queen Street, Vancouver, British Columbia', 'Cash', 261),
(303, 'B118', 'iPad mini 6th Gen', '2023-04-04', '500 Main Street, Toronto, Ontario', '600 Elm Street, Ottawa, Ontario', 'Debit Card', 262),
(304, 'C119', 'Apple Watch SE', '2023-04-04', '700 King Street, Montreal, Quebec', '800 Queen Street, Vancouver, British Columbia', 'Paypal', 263),
(305, 'A101', 'iPhone 14 Pro', '2023-04-04', '100 Main Street, Toronto, Ontario', '200 Elm Street, Ottawa, Ontario', 'Credit Card', 264),
(306, 'B102', 'MacBook Pro M2', '2023-04-04', '300 King Street, Montreal, Quebec', '400 Queen Street, Vancouver, British Columbia', 'Cash', 265),
(307, 'C103', 'iPad Air 5th Gen', '2023-04-04', '500 Main Street, Toronto, Ontario', '600 Elm Street, Ottawa, Ontario', 'Debit Card', 266),
(308, 'D104', 'Apple Watch Series 7', '2023-04-04', '700 King Street, Montreal, Quebec', '800 Queen Street, Vancouver, British Columbia', 'Paypal', 267),
(309, 'A105', 'AirPods Pro', '2023-04-04', '100 Main Street, Toronto, Ontario', '200 Elm Street, Ottawa, Ontario', 'Credit Card', 268),
(310, 'B106', 'Apple TV 4K', '2023-04-04', '300 King Street, Montreal, Quebec', '400 Queen Street, Vancouver, British Columbia', 'Cash', 269),
(311, 'C107', 'Beats Fit Pro', '2023-04-04', '500 Main Street, Toronto, Ontario', '600 Elm Street, Ottawa, Ontario', 'Debit Card', 270),
(312, 'D108', 'AirTag', '2023-04-04', '700 King Street, Montreal, Quebec', '800 Queen Street, Vancouver, British Columbia', 'Paypal', 271),
(313, 'A109', 'Apple Magic Keyboard', '2023-04-04', '100 Main Street, Toronto, Ontario', '200 Elm Street, Ottawa, Ontario', 'Credit Card', 272),
(314, 'B110', 'Apple Magic Mouse', '2023-04-04', '300 King Street, Montreal, Quebec', '400 Queen Street, Vancouver, British Columbia', 'Cash', 273),
(315, 'C111', 'Apple Magic Trackpad', '2023-04-04', '500 Main Street, Toronto, Ontario', '600 Elm Street, Ottawa, Ontario', 'Debit Card', 274),
(316, 'D112', 'Apple Pencil 3rd Gen', '2023-04-04', '700 King Street, Montreal, Quebec', '800 Queen Street, Vancouver, British Columbia', 'Paypal', 275),
(317, 'A113', 'AirPods Max', '2023-04-04', '100 Main Street, Toronto, Ontario', '200 Elm Street, Ottawa, Ontario', 'Credit Card', 276),
(318, 'B114', 'AirTag Hermès', '2023-04-04', '300 King Street, Montreal, Quebec', '400 Queen Street, Vancouver, British Columbia', 'Cash', 277),
(319, 'C115', 'Mac Studio', '2023-04-04', '500 Main Street, Toronto, Ontario', '600 Elm Street, Ottawa, Ontario', 'Debit Card', 278),
(320, 'D116', 'Studio Display', '2023-04-04', '700 King Street, Montreal, Quebec', '800 Queen Street, Vancouver, British Columbia', 'Paypal', 279),
(321, 'A117', 'iPhone 14 Pro Max', '2023-04-04', '100 Main Street, Toronto, Ontario', '200 Elm Street, Ottawa, Ontario', 'Credit Card', 280),
(322, 'B118', 'iPad mini 6th Gen', '2023-04-04', '300 King Street, Montreal, Quebec', '400 Queen Street, Vancouver, British Columbia', 'Cash', 281),
(323, 'C119', 'Apple Watch SE', '2023-04-04', '500 Main Street, Toronto, Ontario', '600 Elm Street, Ottawa, Ontario', 'Debit Card', 282),
(324, 'A101', 'iPhone 14 Pro', '2023-04-04', '700 King Street, Montreal, Quebec', '800 Queen Street, Vancouver, British Columbia', 'Paypal', 283),
(325, 'B102', 'MacBook Pro M2', '2023-04-04', '100 Main Street, Toronto, Ontario', '200 Elm Street, Ottawa, Ontario', 'Credit Card', 284),
(326, 'C103', 'iPad Air 5th Gen', '2023-04-04', '300 King Street, Montreal, Quebec', '400 Queen Street, Vancouver, British Columbia', 'Cash', 285),
(327, 'D104', 'Apple Watch Series 7', '2023-04-04', '500 Main Street, Toronto, Ontario', '600 Elm Street, Ottawa, Ontario', 'Debit Card', 286),
(328, 'A105', 'AirPods Pro', '2023-04-04', '700 King Street, Montreal, Quebec', '800 Queen Street, Vancouver, British Columbia', 'Paypal', 287),
(329, 'B106', 'Apple TV 4K', '2023-04-04', '100 Main Street, Toronto, Ontario', '200 Elm Street, Ottawa, Ontario', 'Credit Card', 288),
(330, 'C107', 'Beats Fit Pro', '2023-04-04', '300 King Street, Montreal, Quebec', '400 Queen Street, Vancouver, British Columbia', 'Cash', 289),
(331, 'D108', 'AirTag', '2023-04-04', '500 Main Street, Toronto, Ontario', '600 Elm Street, Ottawa, Ontario', 'Debit Card', 290),
(332, 'A109', 'Apple Magic Keyboard', '2023-04-04', '700 King Street, Montreal, Quebec', '800 Queen Street, Vancouver, British Columbia', 'Paypal', 291),
(333, 'B110', 'Apple Magic Mouse', '2023-04-04', '100 Main Street, Toronto, Ontario', '200 Elm Street, Ottawa, Ontario', 'Credit Card', 292),
(334, 'C111', 'Apple Magic Trackpad', '2023-04-04', '300 King Street, Montreal, Quebec', '400 Queen Street, Vancouver, British Columbia', 'Cash', 293),
(335, 'D112', 'Apple Pencil 3rd Gen', '2023-04-04', '500 Main Street, Toronto, Ontario', '600 Elm Street, Ottawa, Ontario', 'Debit Card', 294),
(336, 'A113', 'AirPods Max', '2023-04-04', '700 King Street, Montreal, Quebec', '800 Queen Street, Vancouver, British Columbia', 'Paypal', 295),
(337, 'B114', 'AirTag Hermès', '2023-04-04', '100 Main Street, Toronto, Ontario', '200 Elm Street, Ottawa, Ontario', 'Credit Card', 296),
(338, 'C115', 'Mac Studio', '2023-04-04', '300 King Street, Montreal, Quebec', '400 Queen Street, Vancouver, British Columbia', 'Cash', 297),
(339, 'D116', 'Studio Display', '2023-04-04', '500 Main Street, Toronto, Ontario', '600 Elm Street, Ottawa, Ontario', 'Debit Card', 298),
(340, 'A117', 'iPhone 14 Pro Max', '2023-04-04', '700 King Street, Montreal, Quebec', '800 Queen Street, Vancouver, British Columbia', 'Paypal', 299),
(341, 'B118', 'iPad mini 6th Gen', '2023-04-04', '100 Main Street, Toronto, Ontario', '200 Elm Street, Ottawa, Ontario', 'Credit Card', 300),
(342, 'C119', 'Apple Watch SE', '2023-04-04', '300 King Street, Montreal, Quebec', '400 Queen Street, Vancouver, British Columbia', 'Cash', 301),
(343, 'A101', 'iPhone 14 Pro', '2023-04-04', '500 Main Street, Toronto, Ontario', '600 Elm Street, Ottawa, Ontario', 'Debit Card', 302),
(344, 'B102', 'MacBook Pro M2', '2023-04-04', '700 King Street, Montreal, Quebec', '800 Queen Street, Vancouver, British Columbia', 'Paypal', 303),
(345, 'C103', 'iPad Air 5th Gen', '2023-04-04', '100 Main Street, Toronto, Ontario', '200 Elm Street, Ottawa, Ontario', 'Credit Card', 304),
(346, 'D104', 'Apple Watch Series 7', '2023-04-04', '300 King Street, Montreal, Quebec', '400 Queen Street, Vancouver, British Columbia', 'Cash', 305),
(347, 'A105', 'AirPods Pro', '2023-04-04', '500 Main Street, Toronto, Ontario', '600 Elm Street, Ottawa, Ontario', 'Debit Card', 306),
(348, 'B106', 'Apple TV 4K', '2023-04-04', '700 King Street, Montreal, Quebec', '800 Queen Street, Vancouver, British Columbia', 'Paypal', 307),
(349, 'C107', 'Beats Fit Pro', '2023-04-04', '100 Main Street, Toronto, Ontario', '200 Elm Street, Ottawa, Ontario', 'Credit Card', 308),
(350, 'D108', 'AirTag', '2023-04-04', '300 King Street, Montreal, Quebec', '400 Queen Street, Vancouver, British Columbia', 'Cash', 309),
(351, 'A109', 'Apple Magic Keyboard', '2023-04-04', '500 Main Street, Toronto, Ontario', '600 Elm Street, Ottawa, Ontario', 'Debit Card', 310),
(352, 'B110', 'Apple Magic Mouse', '2023-04-04', '700 King Street, Montreal, Quebec', '800 Queen Street, Vancouver, British Columbia', 'Paypal', 311),
(353, 'C111', 'Apple Magic Trackpad', '2023-04-04', '100 Main Street, Toronto, Ontario', '200 Elm Street, Ottawa, Ontario', 'Credit Card', 312),
(354, 'D112', 'Apple Pencil 3rd Gen', '2023-04-04', '300 King Street, Montreal, Quebec', '400 Queen Street, Vancouver, British Columbia', 'Cash', 313),
(355, 'A113', 'AirPods Max', '2023-04-04', '500 Main Street, Toronto, Ontario', '600 Elm Street, Ottawa, Ontario', 'Debit Card', 314),
(356, 'B114', 'AirTag Hermès', '2023-04-04', '700 King Street, Montreal, Quebec', '800 Queen Street, Vancouver, British Columbia', 'Paypal', 315),
(357, 'C115', 'Mac Studio', '2023-04-04', '100 Main Street, Toronto, Ontario', '200 Elm Street, Ottawa, Ontario', 'Credit Card', 316),
(358, 'D116', 'Studio Display', '2023-04-04', '300 King Street, Montreal, Quebec', '400 Queen Street, Vancouver, British Columbia', 'Cash', 317),
(359, 'A117', 'iPhone 14 Pro Max', '2023-04-04', '500 Main Street, Toronto, Ontario', '600 Elm Street, Ottawa, Ontario', 'Debit Card', 318),
(360, 'B118', 'iPad mini 6th Gen', '2023-04-04', '700 King Street, Montreal, Quebec', '800 Queen Street, Vancouver, British Columbia', 'Paypal', 319),
(361, 'C119', 'Apple Watch SE', '2023-04-04', '100 Main Street, Toronto, Ontario', '200 Elm Street, Ottawa, Ontario', 'Credit Card', 320),
(362, 'A101', 'iPhone 14 Pro', '2023-04-04', '300 King Street, Montreal, Quebec', '400 Queen Street, Vancouver, British Columbia', 'Cash', 321),
(363, 'B102', 'MacBook Pro M2', '2023-04-04', '500 Main Street, Toronto, Ontario', '600 Elm Street, Ottawa, Ontario', 'Debit Card', 322),
(364, 'C103', 'iPad Air 5th Gen', '2023-04-04', '700 King Street, Montreal, Quebec', '800 Queen Street, Vancouver, British Columbia', 'Paypal', 323),
(365, 'D104', 'Apple Watch Series 7', '2023-04-04', '100 Main Street, Toronto, Ontario', '200 Elm Street, Ottawa, Ontario', 'Credit Card', 324),
(366, 'A105', 'AirPods Pro', '2023-04-04', '300 King Street, Montreal, Quebec', '400 Queen Street, Vancouver, British Columbia', 'Cash', 325),
(367, 'B106', 'Apple TV 4K', '2023-04-04', '500 Main Street, Toronto, Ontario', '600 Elm Street, Ottawa, Ontario', 'Debit Card', 326),
(368, 'C107', 'Beats Fit Pro', '2023-04-04', '700 King Street, Montreal, Quebec', '800 Queen Street, Vancouver, British Columbia', 'Paypal', 327),
(369, 'D108', 'AirTag', '2023-04-04', '100 Main Street, Toronto, Ontario', '200 Elm Street, Ottawa, Ontario', 'Credit Card', 328),
(370, 'A109', 'Apple Magic Keyboard', '2023-04-04', '300 King Street, Montreal, Quebec', '400 Queen Street, Vancouver, British Columbia', 'Cash', 329),
(371, 'B110', 'Apple Magic Mouse', '2023-04-04', '500 Main Street, Toronto, Ontario', '600 Elm Street, Ottawa, Ontario', 'Debit Card', 330),
(372, 'C111', 'Apple Magic Trackpad', '2023-04-04', '700 King Street, Montreal, Quebec', '800 Queen Street, Vancouver, British Columbia', 'Paypal', 331),
(373, 'D112', 'Apple Pencil 3rd Gen', '2023-04-04', '100 Main Street, Toronto, Ontario', '200 Elm Street, Ottawa, Ontario', 'Credit Card', 332),
(374, 'A113', 'AirPods Max', '2023-04-04', '300 King Street, Montreal, Quebec', '400 Queen Street, Vancouver, British Columbia', 'Cash', 333),
(375, 'B114', 'AirTag Hermès', '2023-04-04', '500 Main Street, Toronto, Ontario', '600 Elm Street, Ottawa, Ontario', 'Debit Card', 334),
(376, 'C115', 'Mac Studio', '2023-04-04', '700 King Street, Montreal, Quebec', '800 Queen Street, Vancouver, British Columbia', 'Paypal', 335),
(377, 'D116', 'Studio Display', '2023-04-04', '100 Main Street, Toronto, Ontario', '200 Elm Street, Ottawa, Ontario', 'Credit Card', 336),
(378, 'A117', 'iPhone 14 Pro Max', '2023-04-04', '300 King Street, Montreal, Quebec', '400 Queen Street, Vancouver, British Columbia', 'Cash', 337),
(379, 'B118', 'iPad mini 6th Gen', '2023-04-04', '500 Main Street, Toronto, Ontario', '600 Elm Street, Ottawa, Ontario', 'Debit Card', 338),
(380, 'C119', 'Apple Watch SE', '2023-04-04', '700 King Street, Montreal, Quebec', '800 Queen Street, Vancouver, British Columbia', 'Paypal', 339),
(381, 'A101', 'iPhone 14 Pro', '2023-04-04', '100 Main Street, Toronto, Ontario', '200 Elm Street, Ottawa, Ontario', 'Credit Card', 340),
(382, 'B102', 'MacBook Pro M2', '2023-04-04', '300 King Street, Montreal, Quebec', '400 Queen Street, Vancouver, British Columbia', 'Cash', 341),
(383, 'C103', 'iPad Air 5th Gen', '2023-04-04', '500 Main Street, Toronto, Ontario', '600 Elm Street, Ottawa, Ontario', 'Debit Card', 342),
(384, 'D104', 'Apple Watch Series 7', '2023-04-04', '700 King Street, Montreal, Quebec', '800 Queen Street, Vancouver, British Columbia', 'Paypal', 343),
(385, 'A105', 'AirPods Pro', '2023-04-04', '100 Main Street, Toronto, Ontario', '200 Elm Street, Ottawa, Ontario', 'Credit Card', 344),
(386, 'B106', 'Apple TV 4K', '2023-04-04', '300 King Street, Montreal, Quebec', '400 Queen Street, Vancouver, British Columbia', 'Cash', 345),
(387, 'C107', 'Beats Fit Pro', '2023-04-04', '500 Main Street, Toronto, Ontario', '600 Elm Street, Ottawa, Ontario', 'Debit Card', 346),
(388, 'D108', 'AirTag', '2023-04-04', '700 King Street, Montreal, Quebec', '800 Queen Street, Vancouver, British Columbia', 'Paypal', 347),
(389, 'A109', 'Apple Magic Keyboard', '2023-04-04', '100 Main Street, Toronto, Ontario', '200 Elm Street, Ottawa, Ontario', 'Credit Card', 348),
(390, 'B110', 'Apple Magic Mouse', '2023-04-04', '300 King Street, Montreal, Quebec', '400 Queen Street, Vancouver, British Columbia', 'Cash', 349),
(391, 'C111', 'Apple Magic Trackpad', '2023-04-04', '500 Main Street, Toronto, Ontario', '600 Elm Street, Ottawa, Ontario', 'Debit Card', 350),
(392, 'D112', 'Apple Pencil 3rd Gen', '2023-04-04', '700 King Street, Montreal, Quebec', '800 Queen Street, Vancouver, British Columbia', 'Paypal', 351),
(393, 'A113', 'AirPods Max', '2023-04-04', '100 Main Street, Toronto, Ontario', '200 Elm Street, Ottawa, Ontario', 'Credit Card', 352),
(394, 'B114', 'AirTag Hermès', '2023-04-04', '300 King Street, Montreal, Quebec', '400 Queen Street, Vancouver, British Columbia', 'Cash', 353),
(395, 'C115', 'Mac Studio', '2023-04-04', '500 Main Street, Toronto, Ontario', '600 Elm Street, Ottawa, Ontario', 'Debit Card', 354),
(396, 'D116', 'Studio Display', '2023-04-04', '700 King Street, Montreal, Quebec', '800 Queen Street, Vancouver, British Columbia', 'Paypal', 355),
(397, 'A117', 'iPhone 14 Pro Max', '2023-04-04', '100 Main Street, Toronto, Ontario', '200 Elm Street, Ottawa, Ontario', 'Credit Card', 356),
(398, 'B118', 'iPad mini 6th Gen', '2023-04-04', '300 King Street, Montreal, Quebec', '400 Queen Street, Vancouver, British Columbia', 'Cash', 357),
(399, 'C119', 'Apple Watch SE', '2023-04-04', '500 Main Street, Toronto, Ontario', '600 Elm Street, Ottawa, Ontario', 'Debit Card', 358),
(400, 'A101', 'iPhone 14 Pro', '2023-04-04', '700 King Street, Montreal, Quebec', '800 Queen Street, Vancouver, British Columbia', 'Paypal', 359),
(401, 'B102', 'MacBook Pro M2', '2023-04-04', '100 Main Street, Toronto, Ontario', '200 Elm Street, Ottawa, Ontario', 'Credit Card', 360),
(402, 'C103', 'iPad Air 5th Gen', '2023-04-04', '300 King Street, Montreal, Quebec', '400 Queen Street, Vancouver, British Columbia', 'Cash', 361),
(403, 'D104', 'Apple Watch Series 7', '2023-04-04', '500 Main Street, Toronto, Ontario', '600 Elm Street, Ottawa, Ontario', 'Debit Card', 362),
(404, 'A105', 'AirPods Pro', '2023-04-04', '700 King Street, Montreal, Quebec', '800 Queen Street, Vancouver, British Columbia', 'Paypal', 363),
(405, 'B106', 'Apple TV 4K', '2023-04-04', '100 Main Street, Toronto, Ontario', '200 Elm Street, Ottawa, Ontario', 'Credit Card', 364),
(406, 'C107', 'Beats Fit Pro', '2023-04-04', '300 King Street, Montreal, Quebec', '400 Queen Street, Vancouver, British Columbia', 'Cash', 365),
(407, 'D108', 'AirTag', '2023-04-04', '500 Main Street, Toronto, Ontario', '600 Elm Street, Ottawa, Ontario', 'Debit Card', 366),
(408, 'A109', 'Apple Magic Keyboard', '2023-04-04', '700 King Street, Montreal, Quebec', '800 Queen Street, Vancouver, British Columbia', 'Paypal', 367),
(409, 'B110', 'Apple Magic Mouse', '2023-04-04', '100 Main Street, Toronto, Ontario', '200 Elm Street, Ottawa, Ontario', 'Credit Card', 368),
(410, 'C111', 'Apple Magic Trackpad', '2023-04-04', '300 King Street, Montreal, Quebec', '400 Queen Street, Vancouver, British Columbia', 'Cash', 369),
(411, 'D112', 'Apple Pencil 3rd Gen', '2023-04-04', '500 Main Street, Toronto, Ontario', '600 Elm Street, Ottawa, Ontario', 'Debit Card', 370),
(412, 'A113', 'AirPods Max', '2023-04-04', '700 King Street, Montreal, Quebec', '800 Queen Street, Vancouver, British Columbia', 'Paypal', 371),
(413, 'B114', 'AirTag Hermès', '2023-04-04', '100 Main Street, Toronto, Ontario', '200 Elm Street, Ottawa, Ontario', 'Credit Card', 372),
(414, 'C115', 'Mac Studio', '2023-04-04', '300 King Street, Montreal, Quebec', '400 Queen Street, Vancouver, British Columbia', 'Cash', 373),
(415, 'D116', 'Studio Display', '2023-04-04', '500 Main Street, Toronto, Ontario', '600 Elm Street, Ottawa, Ontario', 'Debit Card', 374),
(416, 'A117', 'iPhone 14 Pro Max', '2023-04-04', '700 King Street, Montreal, Quebec', '800 Queen Street, Vancouver, British Columbia', 'Paypal', 375),
(417, 'B118', 'iPad mini 6th Gen', '2023-04-04', '100 Main Street, Toronto, Ontario', '200 Elm Street, Ottawa, Ontario', 'Credit Card', 376),
(418, 'C119', 'Apple Watch SE', '2023-04-04', '300 King Street, Montreal, Quebec', '400 Queen Street, Vancouver, British Columbia', 'Cash', 377),
(419, 'A101', 'iPhone 14 Pro', '2023-04-04', '500 Main Street, Toronto, Ontario', '600 Elm Street, Ottawa, Ontario', 'Debit Card', 378),
(420, 'B102', 'MacBook Pro M2', '2023-04-04', '700 King Street, Montreal, Quebec', '800 Queen Street, Vancouver, British Columbia', 'Paypal', 379),
(421, 'C103', 'iPad Air 5th Gen', '2023-04-04', '100 Main Street, Toronto, Ontario', '200 Elm Street, Ottawa, Ontario', 'Credit Card', 380),
(422, 'D104', 'Apple Watch Series 7', '2023-04-04', '300 King Street, Montreal, Quebec', '400 Queen Street, Vancouver, British Columbia', 'Cash', 381),
(423, 'A105', 'AirPods Pro', '2023-04-04', '500 Main Street, Toronto, Ontario', '600 Elm Street, Ottawa, Ontario', 'Debit Card', 382),
(424, 'B106', 'Apple TV 4K', '2023-04-04', '700 King Street, Montreal, Quebec', '800 Queen Street, Vancouver, British Columbia', 'Paypal', 383),
(425, 'C107', 'Beats Fit Pro', '2023-04-04', '100 Main Street, Toronto, Ontario', '200 Elm Street, Ottawa, Ontario', 'Credit Card', 384),
(426, 'D108', 'AirTag', '2023-04-04', '300 King Street, Montreal, Quebec', '400 Queen Street, Vancouver, British Columbia', 'Cash', 385),
(427, 'A109', 'Apple Magic Keyboard', '2023-04-04', '500 Main Street, Toronto, Ontario', '600 Elm Street, Ottawa, Ontario', 'Debit Card', 386),
(428, 'B110', 'Apple Magic Mouse', '2023-04-04', '700 King Street, Montreal, Quebec', '800 Queen Street, Vancouver, British Columbia', 'Paypal', 387),
(429, 'C111', 'Apple Magic Trackpad', '2023-04-04', '100 Main Street, Toronto, Ontario', '200 Elm Street, Ottawa, Ontario', 'Credit Card', 388),
(430, 'D112', 'Apple Pencil 3rd Gen', '2023-04-04', '300 King Street, Montreal, Quebec', '400 Queen Street, Vancouver, British Columbia', 'Cash', 389),
(431, 'A113', 'AirPods Max', '2023-04-04', '500 Main Street, Toronto, Ontario', '600 Elm Street, Ottawa, Ontario', 'Debit Card', 390),
(432, 'B114', 'AirTag Hermès', '2023-04-04', '700 King Street, Montreal, Quebec', '800 Queen Street, Vancouver, British Columbia', 'Paypal', 391),
(433, 'C115', 'Mac Studio', '2023-04-04', '100 Main Street, Toronto, Ontario', '200 Elm Street, Ottawa, Ontario', 'Credit Card', 392),
(434, 'D116', 'Studio Display', '2023-04-04', '300 King Street, Montreal, Quebec', '400 Queen Street, Vancouver, British Columbia', 'Cash', 393),
(435, 'A117', 'iPhone 14 Pro Max', '2023-04-04', '500 Main Street, Toronto, Ontario', '600 Elm Street, Ottawa, Ontario', 'Debit Card', 394),
(436, 'B118', 'iPad mini 6th Gen', '2023-04-04', '700 King Street, Montreal, Quebec', '800 Queen Street, Vancouver, British Columbia', 'Paypal', 395),
(437, 'C119', 'Apple Watch SE', '2023-04-04', '100 Main Street, Toronto, Ontario', '200 Elm Street, Ottawa, Ontario', 'Credit Card', 396),
(438, 'A101', 'iPhone 14 Pro', '2023-04-04', '300 King Street, Montreal, Quebec', '400 Queen Street, Vancouver, British Columbia', 'Cash', 397),
(439, 'B102', 'MacBook Pro M2', '2023-04-04', '500 Main Street, Toronto, Ontario', '600 Elm Street, Ottawa, Ontario', 'Debit Card', 398),
(440, 'C103', 'iPad Air 5th Gen', '2023-04-04', '700 King Street, Montreal, Quebec', '800 Queen Street, Vancouver, British Columbia', 'Paypal', 399),
(441, 'D104', 'Apple Watch Series 7', '2023-04-04', '100 Main Street, Toronto, Ontario', '200 Elm Street, Ottawa, Ontario', 'Credit Card', 400),
(442, 'A105', 'AirPods Pro', '2023-04-04', '300 King Street, Montreal, Quebec', '400 Queen Street, Vancouver, British Columbia', 'Cash', 401),
(443, 'B106', 'Apple TV 4K', '2023-04-04', '500 Main Street, Toronto, Ontario', '600 Elm Street, Ottawa, Ontario', 'Debit Card', 402),
(444, 'C107', 'Beats Fit Pro', '2023-04-04', '700 King Street, Montreal, Quebec', '800 Queen Street, Vancouver, British Columbia', 'Paypal', 403),
(445, 'D108', 'AirTag', '2023-04-04', '100 Main Street, Toronto, Ontario', '200 Elm Street, Ottawa, Ontario', 'Credit Card', 404),
(446, 'A109', 'Apple Magic Keyboard', '2023-04-04', '300 King Street, Montreal, Quebec', '400 Queen Street, Vancouver, British Columbia', 'Cash', 405),
(447, 'B110', 'Apple Magic Mouse', '2023-04-04', '500 Main Street, Toronto, Ontario', '600 Elm Street, Ottawa, Ontario', 'Debit Card', 406),
(448, 'C111', 'Apple Magic Trackpad', '2023-04-04', '700 King Street, Montreal, Quebec', '800 Queen Street, Vancouver, British Columbia', 'Paypal', 407),
(449, 'D112', 'Apple Pencil 3rd Gen', '2023-04-04', '100 Main Street, Toronto, Ontario', '200 Elm Street, Ottawa, Ontario', 'Credit Card', 408),
(450, 'A113', 'AirPods Max', '2023-04-04', '300 King Street, Montreal, Quebec', '400 Queen Street, Vancouver, British Columbia', 'Cash', 409),
(451, 'B114', 'AirTag Hermès', '2023-04-04', '500 Main Street, Toronto, Ontario', '600 Elm Street, Ottawa, Ontario', 'Debit Card', 410),
(452, 'C115', 'Mac Studio', '2023-04-04', '700 King Street, Montreal, Quebec', '800 Queen Street, Vancouver, British Columbia', 'Paypal', 411),
(453, 'D116', 'Studio Display', '2023-04-04', '100 Main Street, Toronto, Ontario', '200 Elm Street, Ottawa, Ontario', 'Credit Card', 412),
(454, 'A117', 'iPhone 14 Pro Max', '2023-04-04', '300 King Street, Montreal, Quebec', '400 Queen Street, Vancouver, British Columbia', 'Cash', 413),
(455, 'B118', 'iPad mini 6th Gen', '2023-04-04', '500 Main Street, Toronto, Ontario', '600 Elm Street, Ottawa, Ontario', 'Debit Card', 414),
(456, 'C119', 'Apple Watch SE', '2023-04-04', '700 King Street, Montreal, Quebec', '800 Queen Street, Vancouver, British Columbia', 'Paypal', 415),
(457, 'A101', 'iPhone 14 Pro', '2023-04-04', '100 Main Street, Toronto, Ontario', '200 Elm Street, Ottawa, Ontario', 'Credit Card', 416),
(458, 'B102', 'MacBook Pro M2', '2023-04-04', '300 King Street, Montreal, Quebec', '400 Queen Street, Vancouver, British Columbia', 'Cash', 417),
(459, 'C103', 'iPad Air 5th Gen', '2023-04-04', '500 Main Street, Toronto, Ontario', '600 Elm Street, Ottawa, Ontario', 'Debit Card', 418),
(460, 'D104', 'Apple Watch Series 7', '2023-04-04', '700 King Street, Montreal, Quebec', '800 Queen Street, Vancouver, British Columbia', 'Paypal', 419),
(461, 'A105', 'AirPods Pro', '2023-04-04', '100 Main Street, Toronto, Ontario', '200 Elm Street, Ottawa, Ontario', 'Credit Card', 420),
(462, 'B106', 'Apple TV 4K', '2023-04-04', '300 King Street, Montreal, Quebec', '400 Queen Street, Vancouver, British Columbia', 'Cash', 421),
(463, 'C107', 'Beats Fit Pro', '2023-04-04', '500 Main Street, Toronto, Ontario', '600 Elm Street, Ottawa, Ontario', 'Debit Card', 422),
(464, 'D108', 'AirTag', '2023-04-04', '700 King Street, Montreal, Quebec', '800 Queen Street, Vancouver, British Columbia', 'Paypal', 423),
(465, 'A109', 'Apple Magic Keyboard', '2023-04-04', '100 Main Street, Toronto, Ontario', '200 Elm Street, Ottawa, Ontario', 'Credit Card', 424),
(466, 'B110', 'Apple Magic Mouse', '2023-04-04', '300 King Street, Montreal, Quebec', '400 Queen Street, Vancouver, British Columbia', 'Cash', 425),
(467, 'C111', 'Apple Magic Trackpad', '2023-04-04', '500 Main Street, Toronto, Ontario', '600 Elm Street, Ottawa, Ontario', 'Debit Card', 426),
(468, 'D112', 'Apple Pencil 3rd Gen', '2023-04-04', '700 King Street, Montreal, Quebec', '800 Queen Street, Vancouver, British Columbia', 'Paypal', 427),
(469, 'A113', 'AirPods Max', '2023-04-04', '100 Main Street, Toronto, Ontario', '200 Elm Street, Ottawa, Ontario', 'Credit Card', 428),
(470, 'B114', 'AirTag Hermès', '2023-04-04', '300 King Street, Montreal, Quebec', '400 Queen Street, Vancouver, British Columbia', 'Cash', 429),
(471, 'C115', 'Mac Studio', '2023-04-04', '500 Main Street, Toronto, Ontario', '600 Elm Street, Ottawa, Ontario', 'Debit Card', 430),
(472, 'D116', 'Studio Display', '2023-04-04', '700 King Street, Montreal, Quebec', '800 Queen Street, Vancouver, British Columbia', 'Paypal', 431),
(473, 'A117', 'iPhone 14 Pro Max', '2023-04-04', '100 Main Street, Toronto, Ontario', '200 Elm Street, Ottawa, Ontario', 'Credit Card', 432),
(474, 'B118', 'iPad mini 6th Gen', '2023-04-04', '300 King Street, Montreal, Quebec', '400 Queen Street, Vancouver, British Columbia', 'Cash', 433),
(475, 'C119', 'Apple Watch SE', '2023-04-04', '500 Main Street, Toronto, Ontario', '600 Elm Street, Ottawa, Ontario', 'Debit Card', 434),
(476, 'A101', 'iPhone 14 Pro', '2023-04-04', '700 King Street, Montreal, Quebec', '800 Queen Street, Vancouver, British Columbia', 'Paypal', 435),
(477, 'B102', 'MacBook Pro M2', '2023-04-04', '100 Main Street, Toronto, Ontario', '200 Elm Street, Ottawa, Ontario', 'Credit Card', 436),
(478, 'C103', 'iPad Air 5th Gen', '2023-04-04', '300 King Street, Montreal, Quebec', '400 Queen Street, Vancouver, British Columbia', 'Cash', 437),
(479, 'D104', 'Apple Watch Series 7', '2023-04-04', '500 Main Street, Toronto, Ontario', '600 Elm Street, Ottawa, Ontario', 'Debit Card', 438),
(480, 'A105', 'AirPods Pro', '2023-04-04', '700 King Street, Montreal, Quebec', '800 Queen Street, Vancouver, British Columbia', 'Paypal', 439),
(481, 'B106', 'Apple TV 4K', '2023-04-04', '100 Main Street, Toronto, Ontario', '200 Elm Street, Ottawa, Ontario', 'Credit Card', 440),
(482, 'C107', 'Beats Fit Pro', '2023-04-04', '300 King Street, Montreal, Quebec', '400 Queen Street, Vancouver, British Columbia', 'Cash', 441),
(483, 'D108', 'AirTag', '2023-04-04', '500 Main Street, Toronto, Ontario', '600 Elm Street, Ottawa, Ontario', 'Debit Card', 442),
(484, 'A109', 'Apple Magic Keyboard', '2023-04-04', '700 King Street, Montreal, Quebec', '800 Queen Street, Vancouver, British Columbia', 'Paypal', 443),
(485, 'B110', 'Apple Magic Mouse', '2023-04-04', '100 Main Street, Toronto, Ontario', '200 Elm Street, Ottawa, Ontario', 'Credit Card', 444),
(486, 'C111', 'Apple Magic Trackpad', '2023-04-04', '300 King Street, Montreal, Quebec', '400 Queen Street, Vancouver, British Columbia', 'Cash', 445),
(487, 'D112', 'Apple Pencil 3rd Gen', '2023-04-04', '500 Main Street, Toronto, Ontario', '600 Elm Street, Ottawa, Ontario', 'Debit Card', 446),
(488, 'A113', 'AirPods Max', '2023-04-04', '700 King Street, Montreal, Quebec', '800 Queen Street, Vancouver, British Columbia', 'Paypal', 447),
(489, 'B114', 'AirTag Hermès', '2023-04-04', '100 Main Street, Toronto, Ontario', '200 Elm Street, Ottawa, Ontario', 'Credit Card', 448),
(490, 'C115', 'Mac Studio', '2023-04-04', '300 King Street, Montreal, Quebec', '400 Queen Street, Vancouver, British Columbia', 'Cash', 449),
(491, 'D116', 'Studio Display', '2023-04-04', '500 Main Street, Toronto, Ontario', '600 Elm Street, Ottawa, Ontario', 'Debit Card', 450),
(492, 'A117', 'iPhone 14 Pro Max', '2023-04-04', '700 King Street, Montreal, Quebec', '800 Queen Street, Vancouver, British Columbia', 'Paypal', 451),
(493, 'B118', 'iPad mini 6th Gen', '2023-04-04', '100 Main Street, Toronto, Ontario', '200 Elm Street, Ottawa, Ontario', 'Credit Card', 452),
(494, 'C119', 'Apple Watch SE', '2023-04-04', '300 King Street, Montreal, Quebec', '400 Queen Street, Vancouver, British Columbia', 'Cash', 453),
(495, 'A101', 'iPhone 14 Pro', '2023-04-04', '500 Main Street, Toronto, Ontario', '600 Elm Street, Ottawa, Ontario', 'Debit Card', 454),
(496, 'B102', 'MacBook Pro M2', '2023-04-04', '700 King Street, Montreal, Quebec', '800 Queen Street, Vancouver, British Columbia', 'Paypal', 455),
(497, 'C103', 'iPad Air 5th Gen', '2023-04-04', '100 Main Street, Toronto, Ontario', '200 Elm Street, Ottawa, Ontario', 'Credit Card', 456),
(498, 'D104', 'Apple Watch Series 7', '2023-04-04', '300 King Street, Montreal, Quebec', '400 Queen Street, Vancouver, British Columbia', 'Cash', 457),
(499, 'A105', 'AirPods Pro', '2023-04-04', '500 Main Street, Toronto, Ontario', '600 Elm Street, Ottawa, Ontario', 'Debit Card', 458),
(500, 'B106', 'Apple TV 4K', '2023-04-04', '700 King Street, Montreal, Quebec', '800 Queen Street, Vancouver, British Columbia', 'Paypal', 459);

---SLNo:12
INSERT INTO Product_Customer (Product_Customer_ID,Customer_ID,Product_ID)
VALUES (1,101,1),
(2, 101, 2),
(3,102, 3 ),
(4,103, 4 ),
(5,105, 5 ),
(6,106, 6 ),
(7,107 ,7 ),
(8,108, 8 ),
(9,109, 9 ),
(10,102,10 ),
(11,104, 11 ),
(12,110 ,12 ),
(13,113,13 ),
(14,112, 14 ),
(15,111, 15 ),
(16, 101, 16),
(17,104 ,17 ),
(18,102, 18 ),
(19,114, 19 ),
(20, 115, 1),(21, 116, 2),(22, 117, 3),(23, 118, 4),(24, 119, 5),
(25, 120, 6),(26, 121, 7),(27, 122, 8),(28, 123, 9),(29, 124, 10),
(30, 125, 11),(31, 126, 12),(32, 127, 13),(33, 128, 14),(34, 129, 15),
(35, 130, 1),(36, 131, 2),(37, 132, 3),(38, 133, 4),(39, 134, 5),
(40, 135, 6),(41, 136, 7),(42, 137, 8),(43, 138, 9),(44, 139, 10),
(45, 140, 11),(46, 141, 12),(47, 142, 13),(48, 143, 14),(49, 144, 15),
(50, 145, 1),(51, 146, 2),(52, 147, 3),(53, 148, 4),(54, 149, 5),
(55, 150, 6),
(56, 151, 1),(57, 152, 2),(58, 153, 3),(59, 154, 4),(60, 155, 5),
(61, 156, 6),(62, 157, 7),(63, 158, 8),(64, 159, 9),(65, 160, 10),
(66, 161, 11),(67, 162, 12),(68, 163, 13),(69, 164, 14),(70, 165, 15),
(71, 166, 1),(72, 167, 2),(73, 168, 3),(74, 169, 4),(75, 170, 5),
(76, 171, 6),(77, 172, 7),(78, 173, 8),(79, 174, 9),(80, 175, 10),
(81, 176, 11),(82, 177, 12),(83, 178, 13),(84, 179, 14),(85, 180, 15),
(86, 181, 1),(87, 182, 2),(88, 183, 3),(89, 184, 4),(90, 185, 5),
(91, 186, 6),(92, 187, 7),(93, 188, 8),(94, 189, 9),(95, 190, 10),
(96, 191, 11),(97, 192, 12),(98, 193, 13),(99, 194, 14),(100, 195, 15),
(101, 196, 1),(102, 197, 2),(103, 198, 3),(104, 199, 4),(105, 200, 5),
(106, 201, 6),(107, 202, 7),(108, 203, 8),(109, 204, 9),(110, 205, 10),
(111, 206, 11),(112, 207, 12),(113, 208, 13),(114, 209, 14),(115, 210, 15),
(116, 211, 1),(117, 212, 2),(118, 213, 3),(119, 214, 4),(120, 215, 5),
(121, 216, 6),(122, 217, 7),(123, 218, 8),(124, 219, 9),(125, 220, 10),
(126, 221, 11),(127, 222, 12),(128, 223, 13),(129, 224, 14),(130, 225, 15),
(131, 226, 1),(132, 227, 2),(133, 228, 3),(134, 229, 4),(135, 230, 5),
(136, 231, 6),(137, 232, 7),(138, 233, 8),(139, 234, 9),(140, 235, 10),
(141, 236, 11),(142, 237, 12),(143, 238, 13),(144, 239, 14),(145, 240, 15),
(146, 241, 1),(147, 242, 2),(148, 243, 3),(149, 244, 4),(150, 245, 5),
(151, 246, 6),(152, 247, 7),(153, 248, 8),(154, 249, 9),(155, 250, 10);

---SLNo:13
INSERT INTO Warehouse_Products (Warehouse_Product_ID,Warehouse_ID,Product_ID)
VALUES(1, 2, 18),
(2, 3, 5),
(3, 4, 3),
(4, 1, 14),
(5, 3, 19),
(6, 2, 6),
(7, 1, 2),
(8, 4, 17),
(9, 2, 11),
(10, 3, 8),
(11, 1, 1),
(12, 4, 15),
(13, 2, 13),
(14, 3, 12),
(15, 1, 16),
(16, 4, 10),
(17, 2, 9),
(18, 3, 7),
(19, 1, 4);

---SLNo:14
INSERT INTO Supplier_Products(Supplier_Products_ID,Supplier_ID,Product_Id)
VALUES(1, 3, 5),
(2, 1, 12),
(3, 4, 18),
(4, 2, 2),
(5, 1, 10),
(6, 3, 15),
(7, 2, 7),
(8, 4, 19),
(9, 1, 9),
(10, 3, 1),
(11, 2, 6),
(12, 4, 13),
(13, 1, 8),
(14, 3, 3),
(15, 2, 16),
(16, 4, 14),
(17, 1, 4),
(18, 3, 11),
(19, 2, 17);

---SLNo:15
INSERT INTO  Product_Truck(Product_Truck_ID,Vehicle_ID,Product_ID)
VALUES(1, 5, 3),
(2, 2, 12),
(3, 8, 18),
(4, 4, 2),
(5, 1, 10),
(6, 6, 15),
(7, 3, 7),
(8, 10, 19),
(9, 9, 9),
(10, 7, 1),
(11, 5, 6),
(12, 2, 13),
(13, 8, 16),
(14, 4, 14),
(15, 1, 5),
(16, 6, 17),
(17, 3, 8),
(18, 10, 4),
(19, 9, 11);

